0.000000,-0.031250,-0.078125,-0.984375
10.000000,-0.031250,-0.078125,-0.981250
20.000000,-0.031250,-0.078125,-0.971875
30.000000,-0.031250,-0.078125,-0.980903
40.000000,-0.031250,-0.078125,-0.973437
50.000000,-0.031250,-0.078125,-0.979688
60.000000,-0.031250,-0.078125,-0.973437
70.000000,-0.031250,-0.078125,-0.984375
80.000000,-0.037500,-0.078125,-0.984375
90.000000,-0.040625,-0.078125,-0.984375
100.000000,-0.031250,-0.078125,-0.984375
110.000000,-0.031250,-0.078125,-0.984375
120.000000,-0.031250,-0.078125,-0.977431
130.000000,-0.031250,-0.078125,-0.976562
140.000000,-0.031250,-0.078125,-0.984375
150.000000,-0.031250,-0.070312,-0.984375
160.000000,-0.031250,-0.071181,-0.984375
170.000000,-0.031250,-0.068750,-0.984375
180.000000,-0.031250,-0.071875,-0.984375
190.000000,-0.031250,-0.078125,-0.984375
200.000000,-0.031250,-0.067708,-0.984375
210.000000,-0.031250,-0.073438,-0.984375
220.000000,-0.031250,-0.078125,-0.973437
230.000000,-0.031250,-0.078125,-0.979688
240.000000,-0.031250,-0.078125,-0.984375
250.000000,-0.031250,-0.078125,-0.971875
260.000000,-0.031250,-0.078125,-0.981250
270.000000,-0.031250,-0.078125,-0.984375
280.000000,-0.031250,-0.078125,-0.984375
290.000000,-0.031250,-0.078125,-0.970313
300.000000,-0.031250,-0.078125,-0.982812
310.000000,-0.031250,-0.078125,-0.968750
320.000000,-0.031250,-0.078125,-0.984375
330.000000,-0.031250,-0.078125,-0.984375
340.000000,-0.031250,-0.078125,-0.984375
350.000000,-0.031250,-0.078125,-0.984375
360.000000,-0.031250,-0.078125,-0.984375
370.000000,-0.031250,-0.078125,-0.982812
380.000000,-0.031250,-0.078125,-0.968750
390.000000,-0.031250,-0.078125,-0.971875
400.000000,-0.031250,-0.078125,-0.984375
410.000000,-0.031250,-0.078125,-0.984375
420.000000,-0.031250,-0.074653,-0.984375
430.000000,-0.031250,-0.067187,-0.984375
440.000000,-0.031250,-0.078125,-0.979688
450.000000,-0.031250,-0.078125,-0.973958
460.000000,-0.031250,-0.078125,-0.984375
470.000000,-0.031250,-0.078125,-0.984375
480.000000,-0.031250,-0.078125,-0.984375
490.000000,-0.031250,-0.070312,-0.984375
500.000000,-0.031250,-0.071181,-0.984375
510.000000,-0.031250,-0.078125,-0.984375
520.000000,-0.031250,-0.078125,-0.984375
530.000000,-0.040625,-0.078125,-0.984375
540.000000,-0.036458,-0.078125,-0.973958
550.000000,-0.031250,-0.067187,-0.979688
560.000000,-0.031250,-0.073438,-0.984375
570.000000,-0.031250,-0.078125,-0.984375
580.000000,-0.031250,-0.078125,-0.971875
590.000000,-0.031250,-0.078125,-0.982639
600.000000,-0.045312,-0.078125,-0.984375
610.000000,-0.046875,-0.078125,-0.984375
620.000000,-0.046875,-0.078125,-0.984375
630.000000,-0.031250,-0.078125,-0.984375
640.000000,-0.031250,-0.078125,-0.984375
650.000000,-0.031250,-0.078125,-0.968750
660.000000,-0.032813,-0.076563,-0.968750
670.000000,-0.046875,-0.064236,-0.970486
680.000000,-0.043750,-0.078125,-0.981250
690.000000,-0.034375,-0.075000,-0.971875
700.000000,-0.043403,-0.062500,-0.984375
710.000000,-0.031250,-0.067187,-0.979688
720.000000,-0.031250,-0.078125,-0.968750
730.000000,-0.031250,-0.078125,-0.968750
740.000000,-0.036458,-0.072917,-0.973958
750.000000,-0.046875,-0.068750,-0.978125
760.000000,-0.040625,-0.078125,-0.975000
770.000000,-0.031250,-0.078125,-0.984375
780.000000,-0.039062,-0.078125,-0.976562
790.000000,-0.038194,-0.078125,-0.977431
800.000000,-0.031250,-0.078125,-0.984375
810.000000,-0.031250,-0.078125,-0.984375
820.000000,-0.031250,-0.078125,-0.984375
830.000000,-0.031250,-0.078125,-0.984375
840.000000,-0.042188,-0.078125,-0.973437
850.000000,-0.034722,-0.078125,-0.980903
860.000000,-0.031250,-0.078125,-0.971875
870.000000,-0.043750,-0.078125,-0.981250
880.000000,-0.032986,-0.078125,-0.984375
890.000000,-0.045312,-0.078125,-0.984375
900.000000,-0.046875,-0.078125,-0.970313
910.000000,-0.046875,-0.078125,-0.982812
920.000000,-0.046875,-0.078125,-0.968750
930.000000,-0.046875,-0.078125,-0.984375
940.000000,-0.046875,-0.078125,-0.984375
950.000000,-0.031250,-0.078125,-0.984375
960.000000,-0.031250,-0.076563,-0.984375
970.000000,-0.031250,-0.064236,-0.984375
980.000000,-0.034375,-0.078125,-0.984375
990.000000,-0.046875,-0.078125,-0.980903
1000.000000,-0.046875,-0.078125,-0.973437
1010.000000,-0.046875,-0.078125,-0.979688
1020.000000,-0.042188,-0.078125,-0.973437
1030.000000,-0.036458,-0.078125,-0.984375
1040.000000,-0.040625,-0.078125,-0.984375
1050.000000,-0.037500,-0.078125,-0.984375
1060.000000,-0.046875,-0.078125,-0.984375
1070.000000,-0.039062,-0.078125,-0.984375
1080.000000,-0.039931,-0.078125,-0.984375
1090.000000,-0.046875,-0.078125,-0.984375
1100.000000,-0.046875,-0.078125,-0.975000
1110.000000,-0.046875,-0.078125,-0.968750
1120.000000,-0.046875,-0.067708,-0.968750
1130.000000,-0.046875,-0.073438,-0.968750
1140.000000,-0.046875,-0.078125,-0.968750
1150.000000,-0.046875,-0.078125,-0.981250
1160.000000,-0.046875,-0.078125,-0.971875
1170.000000,-0.046875,-0.078125,-0.968750
1180.000000,-0.046875,-0.078125,-0.982812
1190.000000,-0.046875,-0.078125,-0.984375
1200.000000,-0.046875,-0.064062,-0.984375
1210.000000,-0.046875,-0.078125,-0.984375
1220.000000,-0.046875,-0.078125,-0.968750
1230.000000,-0.046875,-0.078125,-0.968750
1240.000000,-0.046875,-0.078125,-0.970313
1250.000000,-0.046875,-0.078125,-0.984375
1260.000000,-0.046875,-0.078125,-0.984375
1270.000000,-0.046875,-0.078125,-0.984375
1280.000000,-0.046875,-0.074653,-0.984375
1290.000000,-0.046875,-0.062500,-0.979688
1300.000000,-0.046875,-0.067187,-0.973437
1310.000000,-0.046875,-0.073438,-0.979688
1320.000000,-0.046875,-0.067708,-0.973958
1330.000000,-0.046875,-0.078125,-0.984375
1340.000000,-0.046875,-0.078125,-0.978125
1350.000000,-0.046875,-0.078125,-0.968750
1360.000000,-0.046875,-0.078125,-0.968750
1370.000000,-0.046875,-0.078125,-0.968750
1380.000000,-0.046875,-0.078125,-0.978125
1390.000000,-0.046875,-0.078125,-0.975000
1400.000000,-0.056250,-0.078125,-0.978125
1410.000000,-0.052083,-0.078125,-0.973958
1420.000000,-0.046875,-0.078125,-0.968750
1430.000000,-0.057813,-0.078125,-0.968750
1440.000000,-0.050347,-0.078125,-0.980903
1450.000000,-0.046875,-0.078125,-0.971875
1460.000000,-0.046875,-0.078125,-0.968750
1470.000000,-0.046875,-0.078125,-0.968750
1480.000000,-0.060937,-0.078125,-0.982812
1490.000000,-0.046875,-0.078125,-0.984375
1500.000000,-0.062500,-0.078125,-0.968750
1510.000000,-0.062500,-0.078125,-0.968750
1520.000000,-0.062500,-0.078125,-0.968750
1530.000000,-0.062500,-0.078125,-0.968750
1540.000000,-0.062500,-0.078125,-0.968750
1550.000000,-0.062500,-0.078125,-0.970486
1560.000000,-0.062500,-0.078125,-0.984375
1570.000000,-0.062500,-0.078125,-0.984375
1580.000000,-0.062500,-0.078125,-0.984375
1590.000000,-0.062500,-0.078125,-0.979688
1600.000000,-0.062500,-0.078125,-0.973437
1610.000000,-0.062500,-0.078125,-0.984375
1620.000000,-0.068750,-0.078125,-0.978125
1630.000000,-0.071181,-0.078125,-0.975694
1640.000000,-0.070312,-0.078125,-0.976562
1650.000000,-0.070312,-0.085938,-0.976562
1660.000000,-0.071181,-0.093750,-0.984375
1670.000000,-0.078125,-0.084375,-0.975000
1680.000000,-0.078125,-0.087500,-0.978125
1690.000000,-0.078125,-0.093750,-0.984375
1700.000000,-0.078125,-0.093750,-0.984375
1710.000000,-0.089063,-0.093750,-0.973437
1720.000000,-0.093750,-0.093750,-0.968750
1730.000000,-0.093750,-0.093750,-0.968750
1740.000000,-0.093750,-0.093750,-0.981250
1750.000000,-0.106250,-0.093750,-0.971875
1760.000000,-0.109375,-0.093750,-0.968750
1770.000000,-0.109375,-0.093750,-0.968750
1780.000000,-0.109375,-0.109375,-0.968750
1790.000000,-0.125000,-0.093750,-0.968750
1800.000000,-0.125000,-0.109375,-0.968750
1810.000000,-0.125000,-0.093750,-0.968750
1820.000000,-0.126562,-0.093750,-0.968750
1830.000000,-0.140625,-0.095312,-0.968750
1840.000000,-0.140625,-0.109375,-0.968750
1850.000000,-0.143750,-0.106250,-0.968750
1860.000000,-0.156250,-0.097222,-0.968750
1870.000000,-0.156250,-0.109375,-0.964063
1880.000000,-0.156250,-0.109375,-0.957812
1890.000000,-0.160938,-0.109375,-0.964063
1900.000000,-0.171875,-0.109375,-0.953125
1910.000000,-0.171875,-0.109375,-0.959375
1920.000000,-0.171875,-0.109375,-0.968750
1930.000000,-0.178819,-0.102431,-0.968750
1940.000000,-0.179688,-0.093750,-0.960938
1950.000000,-0.179688,-0.093750,-0.953125
1960.000000,-0.187500,-0.093750,-0.953125
1970.000000,-0.187500,-0.103125,-0.962500
1980.000000,-0.187500,-0.100000,-0.959375
1990.000000,-0.187500,-0.104167,-0.963542
2000.000000,-0.187500,-0.098437,-0.968750
2010.000000,-0.198437,-0.104688,-0.957812
2020.000000,-0.203125,-0.097222,-0.953125
2030.000000,-0.203125,-0.106250,-0.965625
2040.000000,-0.190625,-0.109375,-0.968750
2050.000000,-0.201389,-0.095486,-0.968750
2060.000000,-0.203125,-0.107813,-0.968750
2070.000000,-0.203125,-0.109375,-0.953125
2080.000000,-0.218750,-0.093750,-0.953125
2090.000000,-0.203125,-0.109375,-0.953125
2100.000000,-0.218750,-0.109375,-0.953125
2110.000000,-0.218750,-0.109375,-0.953125
2120.000000,-0.218750,-0.109375,-0.953125
2130.000000,-0.218750,-0.109375,-0.953125
2140.000000,-0.218750,-0.109375,-0.953125
2150.000000,-0.218750,-0.105903,-0.953125
2160.000000,-0.218750,-0.093750,-0.953125
2170.000000,-0.218750,-0.093750,-0.953125
2180.000000,-0.218750,-0.093750,-0.953125
2190.000000,-0.218750,-0.093750,-0.953125
2200.000000,-0.218750,-0.100000,-0.953125
2210.000000,-0.218750,-0.103125,-0.953125
2220.000000,-0.218750,-0.100694,-0.953125
2230.000000,-0.218750,-0.101562,-0.953125
2240.000000,-0.210938,-0.101562,-0.953125
2250.000000,-0.203125,-0.100694,-0.953125
2260.000000,-0.203125,-0.103125,-0.953125
2270.000000,-0.203125,-0.098958,-0.953125
2280.000000,-0.203125,-0.093750,-0.953125
2290.000000,-0.203125,-0.104688,-0.953125
2300.000000,-0.203125,-0.098437,-0.953125
2310.000000,-0.203125,-0.105903,-0.953125
2320.000000,-0.203125,-0.096875,-0.953125
2330.000000,-0.203125,-0.106250,-0.953125
2340.000000,-0.203125,-0.109375,-0.967014
2350.000000,-0.189062,-0.095312,-0.954688
2360.000000,-0.203125,-0.093750,-0.968750
2370.000000,-0.203125,-0.093750,-0.968750
2380.000000,-0.203125,-0.109375,-0.968750
2390.000000,-0.203125,-0.109375,-0.968750
2400.000000,-0.203125,-0.107813,-0.953125
2410.000000,-0.201563,-0.095312,-0.953125
2420.000000,-0.189236,-0.109375,-0.953125
2430.000000,-0.203125,-0.106250,-0.953125
2440.000000,-0.200000,-0.096875,-0.953125
2450.000000,-0.187500,-0.109375,-0.956597
2460.000000,-0.187500,-0.104688,-0.968750
2470.000000,-0.187500,-0.093750,-0.968750
2480.000000,-0.187500,-0.098958,-0.968750
2490.000000,-0.187500,-0.103125,-0.962500
2500.000000,-0.187500,-0.100000,-0.959375
2510.000000,-0.187500,-0.109375,-0.961806
2520.000000,-0.187500,-0.101562,-0.953125
2530.000000,-0.187500,-0.093750,-0.960938
2540.000000,-0.187500,-0.102431,-0.968750
2550.000000,-0.187500,-0.109375,-0.959375
2560.000000,-0.187500,-0.098958,-0.953125
2570.000000,-0.187500,-0.093750,-0.964063
2580.000000,-0.187500,-0.093750,-0.957812
2590.000000,-0.187500,-0.093750,-0.953125
2600.000000,-0.175347,-0.093750,-0.953125
2610.000000,-0.171875,-0.093750,-0.953125
2620.000000,-0.171875,-0.093750,-0.953125
2630.000000,-0.171875,-0.093750,-0.967014
2640.000000,-0.157812,-0.093750,-0.968750
2650.000000,-0.156250,-0.093750,-0.968750
2660.000000,-0.156250,-0.093750,-0.968750
2670.000000,-0.156250,-0.093750,-0.968750
2680.000000,-0.140625,-0.093750,-0.968750
2690.000000,-0.139063,-0.093750,-0.970313
2700.000000,-0.125000,-0.093750,-0.984375
2710.000000,-0.125000,-0.093750,-0.984375
2720.000000,-0.125000,-0.093750,-0.984375
2730.000000,-0.121875,-0.093750,-0.984375
2740.000000,-0.109375,-0.093750,-0.980903
2750.000000,-0.109375,-0.093750,-0.973437
2760.000000,-0.109375,-0.093750,-0.984375
2770.000000,-0.109375,-0.093750,-0.984375
2780.000000,-0.104688,-0.093750,-0.979688
2790.000000,-0.093750,-0.093750,-0.968750
2800.000000,-0.093750,-0.093750,-0.975000
2810.000000,-0.093750,-0.093750,-0.984375
2820.000000,-0.093750,-0.093750,-0.978125
2830.000000,-0.093750,-0.093750,-0.975694
2840.000000,-0.093750,-0.093750,-0.984375
2850.000000,-0.093750,-0.093750,-0.976562
2860.000000,-0.093750,-0.093750,-0.968750
2870.000000,-0.093750,-0.093750,-0.968750
2880.000000,-0.093750,-0.093750,-0.968750
2890.000000,-0.093750,-0.093750,-0.968750
2900.000000,-0.093750,-0.093750,-0.968750
2910.000000,-0.093750,-0.093750,-0.979167
2920.000000,-0.093750,-0.093750,-0.973437
2930.000000,-0.093750,-0.093750,-0.968750
2940.000000,-0.093750,-0.093750,-0.968750
2950.000000,-0.093750,-0.093750,-0.968750
2960.000000,-0.093750,-0.093750,-0.968750
2970.000000,-0.093750,-0.093750,-0.968750
2980.000000,-0.081250,-0.093750,-0.981250
2990.000000,-0.078125,-0.093750,-0.970486
3000.000000,-0.078125,-0.093750,-0.968750
3010.000000,-0.078125,-0.093750,-0.982812
3020.000000,-0.064062,-0.093750,-0.984375
3030.000000,-0.062500,-0.078125,-0.968750
3040.000000,-0.078125,-0.093750,-0.984375
3050.000000,-0.062500,-0.093750,-0.984375
3060.000000,-0.062500,-0.093750,-0.984375
3070.000000,-0.062500,-0.079687,-0.970313
3080.000000,-0.062500,-0.093750,-0.984375
3090.000000,-0.062500,-0.093750,-0.984375
3100.000000,-0.062500,-0.090625,-0.981250
3110.000000,-0.062500,-0.081250,-0.971875
3120.000000,-0.059375,-0.093750,-0.981250
3130.000000,-0.046875,-0.090625,-0.968750
3140.000000,-0.050347,-0.078125,-0.972222
3150.000000,-0.057813,-0.078125,-0.984375
3160.000000,-0.046875,-0.078125,-0.984375
3170.000000,-0.046875,-0.078125,-0.984375
3180.000000,-0.046875,-0.084375,-0.984375
3190.000000,-0.046875,-0.093750,-0.984375
3200.000000,-0.046875,-0.087500,-0.978125
3210.000000,-0.046875,-0.078125,-0.975000
3220.000000,-0.046875,-0.078125,-0.984375
3230.000000,-0.046875,-0.085938,-0.984375
3240.000000,-0.046875,-0.093750,-0.984375
3250.000000,-0.046875,-0.093750,-0.984375
3260.000000,-0.046875,-0.093750,-0.975000
3270.000000,-0.046875,-0.093750,-0.978125
3280.000000,-0.046875,-0.093750,-0.984375
3290.000000,-0.046875,-0.093750,-0.984375
3300.000000,-0.046875,-0.093750,-0.973437
3310.000000,-0.046875,-0.093750,-0.979688
3320.000000,-0.046875,-0.093750,-0.984375
3330.000000,-0.046875,-0.093750,-0.973437
3340.000000,-0.046875,-0.093750,-0.968750
3350.000000,-0.046875,-0.093750,-0.981250
3360.000000,-0.046875,-0.093750,-0.971875
3370.000000,-0.046875,-0.093750,-0.981250
3380.000000,-0.046875,-0.093750,-0.984375
3390.000000,-0.046875,-0.093750,-0.984375
3400.000000,-0.046875,-0.093750,-0.984375
3410.000000,-0.046875,-0.093750,-0.970313
3420.000000,-0.046875,-0.093750,-0.968750
3430.000000,-0.046875,-0.093750,-0.984375
3440.000000,-0.046875,-0.093750,-0.968750
3450.000000,-0.046875,-0.078125,-0.968750
3460.000000,-0.046875,-0.093750,-0.984375
3470.000000,-0.046875,-0.093750,-0.982812
3480.000000,-0.046875,-0.092188,-0.970313
3490.000000,-0.046875,-0.078125,-0.984375
3500.000000,-0.043750,-0.081250,-0.984375
3510.000000,-0.031250,-0.093750,-0.984375
3520.000000,-0.034375,-0.093750,-0.984375
3530.000000,-0.043403,-0.093750,-0.980903
3540.000000,-0.031250,-0.093750,-0.968750
3550.000000,-0.035937,-0.093750,-0.973437
3560.000000,-0.042188,-0.093750,-0.984375
3570.000000,-0.031250,-0.093750,-0.979167
3580.000000,-0.031250,-0.093750,-0.975000
3590.000000,-0.037500,-0.087500,-0.978125
3600.000000,-0.039931,-0.085069,-0.968750
3610.000000,-0.031250,-0.093750,-0.976562
3620.000000,-0.039062,-0.093750,-0.984375
3630.000000,-0.039062,-0.093750,-0.984375
3640.000000,-0.031250,-0.093750,-0.984375
3650.000000,-0.031250,-0.093750,-0.984375
3660.000000,-0.040625,-0.093750,-0.984375
3670.000000,-0.046875,-0.093750,-0.984375
3680.000000,-0.036458,-0.093750,-0.984375
3690.000000,-0.042188,-0.093750,-0.984375
3700.000000,-0.035937,-0.093750,-0.984375
3710.000000,-0.042188,-0.093750,-0.984375
3720.000000,-0.046875,-0.093750,-0.984375
3730.000000,-0.046875,-0.081597,-0.984375
3740.000000,-0.034375,-0.090625,-0.984375
3750.000000,-0.043750,-0.093750,-0.971875
3760.000000,-0.046875,-0.093750,-0.982639
3770.000000,-0.032813,-0.093750,-0.970313
3780.000000,-0.045312,-0.093750,-0.968750
3790.000000,-0.046875,-0.093750,-0.982812
3800.000000,-0.046875,-0.078125,-0.984375
3810.000000,-0.046875,-0.093750,-0.984375
3820.000000,-0.046875,-0.078125,-0.984375
3830.000000,-0.046875,-0.078125,-0.984375
3840.000000,-0.045312,-0.093750,-0.984375
3850.000000,-0.032813,-0.093750,-0.984375
3860.000000,-0.045312,-0.093750,-0.984375
3870.000000,-0.032813,-0.092188,-0.984375
3880.000000,-0.046875,-0.078125,-0.984375
3890.000000,-0.043750,-0.081250,-0.984375
3900.000000,-0.031250,-0.090278,-0.984375
3910.000000,-0.031250,-0.082812,-0.984375
3920.000000,-0.035937,-0.093750,-0.984375
3930.000000,-0.046875,-0.093750,-0.984375
3940.000000,-0.046875,-0.088542,-0.979167
3950.000000,-0.046875,-0.078125,-0.975000
3960.000000,-0.046875,-0.078125,-0.984375
3970.000000,-0.039062,-0.078125,-0.984375
3980.000000,-0.039062,-0.078125,-0.984375
3990.000000,-0.046875,-0.078125,-0.975694
4000.000000,-0.046875,-0.078125,-0.978125
4010.000000,-0.046875,-0.078125,-0.984375
4020.000000,-0.046875,-0.088542,-0.984375
4030.000000,-0.046875,-0.082812,-0.984375
4040.000000,-0.035937,-0.089063,-0.984375
4050.000000,-0.042188,-0.093750,-0.973437
4060.000000,-0.046875,-0.093750,-0.980903
4070.000000,-0.034375,-0.093750,-0.984375
4080.000000,-0.043750,-0.093750,-0.971875
4090.000000,-0.032986,-0.079861,-0.982639
4100.000000,-0.045312,-0.078125,-0.984375
4110.000000,-0.046875,-0.078125,-0.984375
4120.000000,-0.031250,-0.093750,-0.968750
4130.000000,-0.046875,-0.078125,-0.984375
4140.000000,-0.031250,-0.078125,-0.984375
4150.000000,-0.032813,-0.092188,-0.984375
4160.000000,-0.046875,-0.078125,-0.984375
4170.000000,-0.046875,-0.078125,-0.984375
4180.000000,-0.046875,-0.081250,-0.984375
4190.000000,-0.046875,-0.090278,-0.984375
4200.000000,-0.042188,-0.082812,-0.984375
4210.000000,-0.035937,-0.093750,-0.984375
4220.000000,-0.046875,-0.089063,-0.979688
4230.000000,-0.046875,-0.078125,-0.968750
4240.000000,-0.046875,-0.078125,-0.975000
4250.000000,-0.046875,-0.084375,-0.984375
4260.000000,-0.046875,-0.093750,-0.977431
4270.000000,-0.039062,-0.093750,-0.968750
4280.000000,-0.039062,-0.085938,-0.968750
4290.000000,-0.038194,-0.086806,-0.968750
4300.000000,-0.040625,-0.084375,-0.978125
4310.000000,-0.046875,-0.088542,-0.973958
4320.000000,-0.046875,-0.093750,-0.979688
4330.000000,-0.046875,-0.093750,-0.984375
4340.000000,-0.046875,-0.093750,-0.973437
4350.000000,-0.046875,-0.081597,-0.968750
4360.000000,-0.046875,-0.078125,-0.981250
4370.000000,-0.046875,-0.090625,-0.984375
4380.000000,-0.046875,-0.093750,-0.984375
4390.000000,-0.032813,-0.093750,-0.984375
4400.000000,-0.046875,-0.078125,-0.984375
4410.000000,-0.046875,-0.078125,-0.984375
4420.000000,-0.046875,-0.093750,-0.984375
4430.000000,-0.031250,-0.093750,-0.968750
4440.000000,-0.046875,-0.092188,-0.984375
4450.000000,-0.046875,-0.079687,-0.984375
4460.000000,-0.046875,-0.092014,-0.984375
4470.000000,-0.046875,-0.078125,-0.984375
4480.000000,-0.046875,-0.078125,-0.984375
4490.000000,-0.046875,-0.078125,-0.984375
4500.000000,-0.046875,-0.082812,-0.984375
4510.000000,-0.046875,-0.089063,-0.979688
4520.000000,-0.046875,-0.078125,-0.973958
4530.000000,-0.046875,-0.078125,-0.978125
4540.000000,-0.046875,-0.078125,-0.975000
4550.000000,-0.046875,-0.078125,-0.977431
4560.000000,-0.046875,-0.078125,-0.976562
4570.000000,-0.046875,-0.078125,-0.975694
4580.000000,-0.046875,-0.087500,-0.978125
4590.000000,-0.046875,-0.084375,-0.984375
4600.000000,-0.046875,-0.088542,-0.984375
4610.000000,-0.046875,-0.082812,-0.984375
4620.000000,-0.046875,-0.078125,-0.984375
4630.000000,-0.046875,-0.078125,-0.973437
4640.000000,-0.046875,-0.078125,-0.968750
4650.000000,-0.046875,-0.078125,-0.968750
4660.000000,-0.046875,-0.092014,-0.982639
4670.000000,-0.046875,-0.079687,-0.970313
4680.000000,-0.046875,-0.078125,-0.968750
4690.000000,-0.046875,-0.078125,-0.968750
4700.000000,-0.046875,-0.078125,-0.984375
4710.000000,-0.046875,-0.078125,-0.984375
4720.000000,-0.046875,-0.078125,-0.984375
4730.000000,-0.046875,-0.078125,-0.982812
4740.000000,-0.046875,-0.078125,-0.970313
4750.000000,-0.046875,-0.078125,-0.982639
4760.000000,-0.046875,-0.078125,-0.968750
4770.000000,-0.046875,-0.078125,-0.971875
4780.000000,-0.046875,-0.078125,-0.984375
4790.000000,-0.046875,-0.078125,-0.979688
4800.000000,-0.046875,-0.078125,-0.973958
4810.000000,-0.046875,-0.078125,-0.984375
4820.000000,-0.046875,-0.078125,-0.984375
4830.000000,-0.046875,-0.084375,-0.984375
4840.000000,-0.046875,-0.086806,-0.984375
4850.000000,-0.046875,-0.078125,-0.976562
4860.000000,-0.046875,-0.078125,-0.976562
4870.000000,-0.046875,-0.078125,-0.984375
4880.000000,-0.046875,-0.078125,-0.984375
4890.000000,-0.046875,-0.078125,-0.973958
4900.000000,-0.046875,-0.078125,-0.979688
4910.000000,-0.046875,-0.078125,-0.973437
4920.000000,-0.046875,-0.078125,-0.979688
4930.000000,-0.046875,-0.078125,-0.984375
4940.000000,-0.046875,-0.078125,-0.971875
4950.000000,-0.046875,-0.078125,-0.981250
4960.000000,-0.046875,-0.078125,-0.970486
4970.000000,-0.060937,-0.078125,-0.968750
4980.000000,-0.062500,-0.078125,-0.968750
4990.000000,-0.046875,-0.078125,-0.968750
5000.000000,-0.046875,-0.078125,-0.984375
5010.000000,-0.062500,-0.078125,-0.968750
5020.000000,-0.062500,-0.078125,-0.970313
5030.000000,-0.062500,-0.078125,-0.984375
5040.000000,-0.062500,-0.078125,-0.982639
5050.000000,-0.062500,-0.078125,-0.968750
5060.000000,-0.062500,-0.078125,-0.971875
5070.000000,-0.062500,-0.078125,-0.984375
5080.000000,-0.062500,-0.078125,-0.984375
5090.000000,-0.062500,-0.078125,-0.984375
5100.000000,-0.062500,-0.078125,-0.984375
5110.000000,-0.062500,-0.078125,-0.984375
5120.000000,-0.062500,-0.078125,-0.979167
5130.000000,-0.062500,-0.078125,-0.968750
5140.000000,-0.068750,-0.078125,-0.968750
5150.000000,-0.071181,-0.078125,-0.968750
5160.000000,-0.070312,-0.078125,-0.976562
5170.000000,-0.078125,-0.078125,-0.984375
5180.000000,-0.078125,-0.078125,-0.976562
5190.000000,-0.078125,-0.078125,-0.968750
5200.000000,-0.078125,-0.078125,-0.968750
5210.000000,-0.078125,-0.078125,-0.968750
5220.000000,-0.078125,-0.078125,-0.968750
5230.000000,-0.078125,-0.078125,-0.978125
5240.000000,-0.078125,-0.078125,-0.984375
5250.000000,-0.078125,-0.078125,-0.984375
5260.000000,-0.089063,-0.078125,-0.984375
5270.000000,-0.093750,-0.078125,-0.972222
5280.000000,-0.093750,-0.078125,-0.968750
5290.000000,-0.093750,-0.078125,-0.981250
5300.000000,-0.093750,-0.078125,-0.971875
5310.000000,-0.093750,-0.078125,-0.968750
5320.000000,-0.093750,-0.078125,-0.968750
5330.000000,-0.093750,-0.078125,-0.982812
5340.000000,-0.093750,-0.078125,-0.970313
5350.000000,-0.107813,-0.078125,-0.968750
5360.000000,-0.109375,-0.078125,-0.984375
5370.000000,-0.109375,-0.078125,-0.968750
5380.000000,-0.109375,-0.078125,-0.968750
5390.000000,-0.125000,-0.093750,-0.968750
5400.000000,-0.125000,-0.092188,-0.968750
5410.000000,-0.126562,-0.078125,-0.968750
5420.000000,-0.140625,-0.078125,-0.968750
5430.000000,-0.140625,-0.081250,-0.968750
5440.000000,-0.143750,-0.090625,-0.968750
5450.000000,-0.156250,-0.081250,-0.968750
5460.000000,-0.156250,-0.090625,-0.968750
5470.000000,-0.156250,-0.081597,-0.968750
5480.000000,-0.160938,-0.089063,-0.968750
5490.000000,-0.171875,-0.078125,-0.968750
5500.000000,-0.171875,-0.083333,-0.968750
5510.000000,-0.171875,-0.087500,-0.968750
5520.000000,-0.171875,-0.084375,-0.968750
5530.000000,-0.171875,-0.093750,-0.968750
5540.000000,-0.171875,-0.093750,-0.962500
5550.000000,-0.171875,-0.093750,-0.960069
5560.000000,-0.179688,-0.093750,-0.968750
5570.000000,-0.187500,-0.093750,-0.968750
5580.000000,-0.187500,-0.093750,-0.960069
5590.000000,-0.187500,-0.093750,-0.962500
5600.000000,-0.187500,-0.093750,-0.959375
5610.000000,-0.187500,-0.093750,-0.953125
5620.000000,-0.187500,-0.093750,-0.962500
5630.000000,-0.187500,-0.093750,-0.968750
5640.000000,-0.187500,-0.093750,-0.968750
5650.000000,-0.187500,-0.093750,-0.968750
5660.000000,-0.199653,-0.093750,-0.968750
5670.000000,-0.190625,-0.106250,-0.968750
5680.000000,-0.200000,-0.096875,-0.956250
5690.000000,-0.203125,-0.106250,-0.953125
5700.000000,-0.190625,-0.121875,-0.953125
5710.000000,-0.215278,-0.097222,-0.953125
5720.000000,-0.204687,-0.121875,-0.953125
5730.000000,-0.217188,-0.110937,-0.953125
5740.000000,-0.218750,-0.109375,-0.953125
5750.000000,-0.218750,-0.109375,-0.953125
5760.000000,-0.218750,-0.109375,-0.953125
5770.000000,-0.234375,-0.093750,-0.953125
5780.000000,-0.221875,-0.121875,-0.953125
5790.000000,-0.250000,-0.095312,-0.953125
5800.000000,-0.250000,-0.110937,-0.953125
5810.000000,-0.250000,-0.123438,-0.953125
5820.000000,-0.248264,-0.112847,-0.951389
5830.000000,-0.243750,-0.131250,-0.940625
5840.000000,-0.275000,-0.100000,-0.950000
5850.000000,-0.256250,-0.118750,-0.937500
5860.000000,-0.281250,-0.093750,-0.937500
5870.000000,-0.281250,-0.098437,-0.937500
5880.000000,-0.276562,-0.109375,-0.942187
5890.000000,-0.265625,-0.114062,-0.948438
5900.000000,-0.270833,-0.119792,-0.937500
5910.000000,-0.281250,-0.109375,-0.937500
5920.000000,-0.275000,-0.115625,-0.937500
5930.000000,-0.272569,-0.118056,-0.937500
5940.000000,-0.273438,-0.117188,-0.945312
5950.000000,-0.273438,-0.117188,-0.945312
5960.000000,-0.273438,-0.117188,-0.937500
5970.000000,-0.265625,-0.117188,-0.945312
5980.000000,-0.265625,-0.118056,-0.944444
5990.000000,-0.265625,-0.125000,-0.937500
6000.000000,-0.265625,-0.125000,-0.946875
6010.000000,-0.265625,-0.125000,-0.943750
6020.000000,-0.265625,-0.125000,-0.947917
6030.000000,-0.265625,-0.125000,-0.942187
6040.000000,-0.265625,-0.125000,-0.948438
6050.000000,-0.265625,-0.125000,-0.942187
6060.000000,-0.265625,-0.125000,-0.949653
6070.000000,-0.265625,-0.125000,-0.940625
6080.000000,-0.265625,-0.125000,-0.937500
6090.000000,-0.265625,-0.125000,-0.937500
6100.000000,-0.265625,-0.125000,-0.951562
6110.000000,-0.265625,-0.125000,-0.939063
6120.000000,-0.265625,-0.125000,-0.937500
6130.000000,-0.265625,-0.125000,-0.951562
6140.000000,-0.265625,-0.125000,-0.937500
6150.000000,-0.281250,-0.125000,-0.937500
6160.000000,-0.265625,-0.125000,-0.953125
6170.000000,-0.267188,-0.125000,-0.937500
6180.000000,-0.279687,-0.125000,-0.939063
6190.000000,-0.265625,-0.125000,-0.951562
6200.000000,-0.267188,-0.125000,-0.937500
6210.000000,-0.281250,-0.125000,-0.937500
6220.000000,-0.281250,-0.125000,-0.937500
6230.000000,-0.278125,-0.125000,-0.937500
6240.000000,-0.265625,-0.125000,-0.937500
6250.000000,-0.265625,-0.125000,-0.937500
6260.000000,-0.270313,-0.125000,-0.942187
6270.000000,-0.276562,-0.125000,-0.948438
6280.000000,-0.265625,-0.125000,-0.937500
6290.000000,-0.265625,-0.125000,-0.937500
6300.000000,-0.265625,-0.125000,-0.937500
6310.000000,-0.265625,-0.125000,-0.943750
6320.000000,-0.265625,-0.125000,-0.946875
6330.000000,-0.265625,-0.125000,-0.937500
6340.000000,-0.265625,-0.125000,-0.937500
6350.000000,-0.265625,-0.125000,-0.937500
6360.000000,-0.265625,-0.125000,-0.937500
6370.000000,-0.265625,-0.125000,-0.937500
6380.000000,-0.265625,-0.125000,-0.937500
6390.000000,-0.265625,-0.125000,-0.937500
6400.000000,-0.265625,-0.115625,-0.946875
6410.000000,-0.265625,-0.119792,-0.953125
6420.000000,-0.265625,-0.125000,-0.942187
6430.000000,-0.265625,-0.125000,-0.937500
6440.000000,-0.265625,-0.112847,-0.937500
6450.000000,-0.265625,-0.109375,-0.937500
6460.000000,-0.265625,-0.109375,-0.937500
6470.000000,-0.265625,-0.109375,-0.937500
6480.000000,-0.265625,-0.109375,-0.937500
6490.000000,-0.251736,-0.109375,-0.951389
6500.000000,-0.250000,-0.109375,-0.953125
6510.000000,-0.250000,-0.109375,-0.953125
6520.000000,-0.250000,-0.109375,-0.953125
6530.000000,-0.250000,-0.109375,-0.953125
6540.000000,-0.250000,-0.109375,-0.953125
6550.000000,-0.250000,-0.109375,-0.953125
6560.000000,-0.234375,-0.109375,-0.953125
6570.000000,-0.234375,-0.109375,-0.953125
6580.000000,-0.232813,-0.109375,-0.953125
6590.000000,-0.218750,-0.109375,-0.953125
6600.000000,-0.218750,-0.109375,-0.956250
6610.000000,-0.218750,-0.109375,-0.965625
6620.000000,-0.218750,-0.109375,-0.953125
6630.000000,-0.215625,-0.109375,-0.956250
6640.000000,-0.203125,-0.109375,-0.965278
6650.000000,-0.203125,-0.109375,-0.953125
6660.000000,-0.203125,-0.109375,-0.953125
6670.000000,-0.197917,-0.109375,-0.958333
6680.000000,-0.187500,-0.109375,-0.968750
6690.000000,-0.187500,-0.109375,-0.968750
6700.000000,-0.187500,-0.109375,-0.968750
6710.000000,-0.187500,-0.109375,-0.968750
6720.000000,-0.187500,-0.109375,-0.961806
6730.000000,-0.179688,-0.109375,-0.953125
6740.000000,-0.171875,-0.109375,-0.953125
6750.000000,-0.171875,-0.109375,-0.953125
6760.000000,-0.162500,-0.109375,-0.962500
6770.000000,-0.156250,-0.109375,-0.968750
6780.000000,-0.156250,-0.109375,-0.968750
6790.000000,-0.146875,-0.109375,-0.968750
6800.000000,-0.140625,-0.109375,-0.968750
6810.000000,-0.140625,-0.109375,-0.968750
6820.000000,-0.140625,-0.109375,-0.968750
6830.000000,-0.128472,-0.109375,-0.968750
6840.000000,-0.125000,-0.109375,-0.968750
6850.000000,-0.125000,-0.109375,-0.968750
6860.000000,-0.125000,-0.109375,-0.968750
6870.000000,-0.125000,-0.109375,-0.968750
6880.000000,-0.111111,-0.109375,-0.968750
6890.000000,-0.109375,-0.109375,-0.968750
6900.000000,-0.109375,-0.109375,-0.968750
6910.000000,-0.095312,-0.109375,-0.968750
6920.000000,-0.093750,-0.109375,-0.968750
6930.000000,-0.093750,-0.093750,-0.968750
6940.000000,-0.093750,-0.109375,-0.984375
6950.000000,-0.078125,-0.093750,-0.968750
6960.000000,-0.078125,-0.093750,-0.970313
6970.000000,-0.078125,-0.093750,-0.984375
6980.000000,-0.076563,-0.093750,-0.982812
6990.000000,-0.062500,-0.093750,-0.970486
7000.000000,-0.062500,-0.093750,-0.981250
7010.000000,-0.062500,-0.093750,-0.971875
7020.000000,-0.062500,-0.093750,-0.981250
7030.000000,-0.062500,-0.093750,-0.968750
7040.000000,-0.062500,-0.093750,-0.973437
7050.000000,-0.062500,-0.093750,-0.979688
7060.000000,-0.062500,-0.093750,-0.968750
7070.000000,-0.062500,-0.098958,-0.973958
7080.000000,-0.062500,-0.103125,-0.984375
7090.000000,-0.062500,-0.093750,-0.978125
7100.000000,-0.062500,-0.093750,-0.968750
7110.000000,-0.054688,-0.093750,-0.968750
7120.000000,-0.054688,-0.093750,-0.976562
7130.000000,-0.062500,-0.101562,-0.984375
7140.000000,-0.062500,-0.101562,-0.984375
7150.000000,-0.062500,-0.093750,-0.975694
7160.000000,-0.062500,-0.093750,-0.968750
7170.000000,-0.062500,-0.093750,-0.968750
7180.000000,-0.053125,-0.093750,-0.968750
7190.000000,-0.057292,-0.093750,-0.979167
7200.000000,-0.062500,-0.093750,-0.984375
7210.000000,-0.062500,-0.093750,-0.984375
7220.000000,-0.062500,-0.093750,-0.984375
7230.000000,-0.062500,-0.093750,-0.972222
7240.000000,-0.062500,-0.093750,-0.968750
7250.000000,-0.062500,-0.093750,-0.968750
7260.000000,-0.062500,-0.093750,-0.968750
7270.000000,-0.062500,-0.093750,-0.968750
7280.000000,-0.062500,-0.093750,-0.968750
7290.000000,-0.048438,-0.093750,-0.968750
7300.000000,-0.046875,-0.093750,-0.968750
7310.000000,-0.062500,-0.093750,-0.968750
7320.000000,-0.062500,-0.093750,-0.984375
7330.000000,-0.046875,-0.093750,-0.984375
7340.000000,-0.046875,-0.093750,-0.984375
7350.000000,-0.046875,-0.093750,-0.984375
7360.000000,-0.046875,-0.093750,-0.984375
7370.000000,-0.046875,-0.093750,-0.982812
7380.000000,-0.046875,-0.093750,-0.970486
7390.000000,-0.046875,-0.093750,-0.981250
7400.000000,-0.046875,-0.093750,-0.972222
7410.000000,-0.046875,-0.093750,-0.979688
7420.000000,-0.046875,-0.093750,-0.968750
7430.000000,-0.046875,-0.093750,-0.973437
7440.000000,-0.046875,-0.093750,-0.979167
7450.000000,-0.046875,-0.093750,-0.968750
7460.000000,-0.046875,-0.093750,-0.968750
7470.000000,-0.046875,-0.093750,-0.975694
7480.000000,-0.046875,-0.093750,-0.976562
7490.000000,-0.046875,-0.093750,-0.968750
7500.000000,-0.046875,-0.093750,-0.968750
7510.000000,-0.046875,-0.093750,-0.968750
7520.000000,-0.036458,-0.093750,-0.979167
7530.000000,-0.042188,-0.093750,-0.973437
7540.000000,-0.046875,-0.093750,-0.968750
7550.000000,-0.046875,-0.093750,-0.979688
7560.000000,-0.046875,-0.093750,-0.984375
7570.000000,-0.046875,-0.093750,-0.984375
7580.000000,-0.046875,-0.093750,-0.984375
7590.000000,-0.046875,-0.093750,-0.970486
7600.000000,-0.046875,-0.093750,-0.982812
7610.000000,-0.046875,-0.093750,-0.984375
7620.000000,-0.046875,-0.093750,-0.968750
7630.000000,-0.046875,-0.093750,-0.984375
7640.000000,-0.046875,-0.093750,-0.968750
7650.000000,-0.032813,-0.093750,-0.982812
7660.000000,-0.045312,-0.093750,-0.968750
7670.000000,-0.031250,-0.093750,-0.968750
7680.000000,-0.031250,-0.093750,-0.968750
7690.000000,-0.031250,-0.093750,-0.971875
7700.000000,-0.034722,-0.093750,-0.980903
7710.000000,-0.042188,-0.093750,-0.973437
7720.000000,-0.031250,-0.093750,-0.984375
7730.000000,-0.036458,-0.093750,-0.984375
7740.000000,-0.046875,-0.093750,-0.984375
7750.000000,-0.046875,-0.093750,-0.984375
7760.000000,-0.046875,-0.093750,-0.977431
7770.000000,-0.046875,-0.093750,-0.976562
7780.000000,-0.039062,-0.093750,-0.976562
7790.000000,-0.039931,-0.093750,-0.977431
7800.000000,-0.037500,-0.093750,-0.975000
7810.000000,-0.031250,-0.093750,-0.979167
7820.000000,-0.042188,-0.093750,-0.984375
7830.000000,-0.046875,-0.093750,-0.973437
7840.000000,-0.035937,-0.093750,-0.979688
7850.000000,-0.031250,-0.093750,-0.972222
7860.000000,-0.031250,-0.093750,-0.981250
7870.000000,-0.031250,-0.093750,-0.984375
7880.000000,-0.031250,-0.093750,-0.984375
7890.000000,-0.045312,-0.093750,-0.984375
7900.000000,-0.046875,-0.093750,-0.968750
7910.000000,-0.031250,-0.093750,-0.968750
7920.000000,-0.046875,-0.093750,-0.984375
7930.000000,-0.031250,-0.093750,-0.984375
7940.000000,-0.032813,-0.093750,-0.984375
7950.000000,-0.045312,-0.093750,-0.984375
7960.000000,-0.032986,-0.093750,-0.984375
7970.000000,-0.046875,-0.093750,-0.981250
7980.000000,-0.046875,-0.090278,-0.972222
7990.000000,-0.046875,-0.082812,-0.984375
8000.000000,-0.046875,-0.093750,-0.979688
8010.000000,-0.046875,-0.093750,-0.968750
8020.000000,-0.046875,-0.088542,-0.973958
8030.000000,-0.046875,-0.084375,-0.984375
8040.000000,-0.040625,-0.093750,-0.984375
8050.000000,-0.038194,-0.093750,-0.977431
8060.000000,-0.046875,-0.093750,-0.976562
8070.000000,-0.046875,-0.093750,-0.984375
8080.000000,-0.037500,-0.093750,-0.984375
8090.000000,-0.031250,-0.093750,-0.984375
8100.000000,-0.041667,-0.093750,-0.984375
8110.000000,-0.035937,-0.093750,-0.984375
8120.000000,-0.031250,-0.093750,-0.984375
8130.000000,-0.042188,-0.093750,-0.984375
8140.000000,-0.034722,-0.093750,-0.984375
8150.000000,-0.043750,-0.093750,-0.971875
8160.000000,-0.034375,-0.093750,-0.968750
8170.000000,-0.031250,-0.093750,-0.982639
8180.000000,-0.045312,-0.093750,-0.984375
8190.000000,-0.046875,-0.093750,-0.968750
8200.000000,-0.031250,-0.093750,-0.984375
8210.000000,-0.046875,-0.093750,-0.968750
8220.000000,-0.046875,-0.093750,-0.968750
8230.000000,-0.046875,-0.093750,-0.984375
8240.000000,-0.045312,-0.093750,-0.984375
8250.000000,-0.032986,-0.093750,-0.984375
8260.000000,-0.046875,-0.093750,-0.984375
8270.000000,-0.046875,-0.093750,-0.984375
8280.000000,-0.046875,-0.093750,-0.980903
8290.000000,-0.046875,-0.093750,-0.968750
8300.000000,-0.046875,-0.093750,-0.968750
8310.000000,-0.046875,-0.093750,-0.975000
8320.000000,-0.046875,-0.087500,-0.978125
8330.000000,-0.046875,-0.084375,-0.975000
8340.000000,-0.046875,-0.093750,-0.984375
8350.000000,-0.046875,-0.093750,-0.976562
8360.000000,-0.046875,-0.093750,-0.976562
8370.000000,-0.046875,-0.093750,-0.984375
8380.000000,-0.046875,-0.093750,-0.984375
8390.000000,-0.046875,-0.083333,-0.984375
8400.000000,-0.046875,-0.089063,-0.973437
8410.000000,-0.046875,-0.093750,-0.979688
8420.000000,-0.046875,-0.093750,-0.984375
8430.000000,-0.046875,-0.093750,-0.984375
8440.000000,-0.046875,-0.093750,-0.971875
8450.000000,-0.046875,-0.093750,-0.981250
8460.000000,-0.046875,-0.093750,-0.970486
8470.000000,-0.046875,-0.093750,-0.968750
8480.000000,-0.046875,-0.093750,-0.968750
8490.000000,-0.046875,-0.093750,-0.984375
8500.000000,-0.046875,-0.093750,-0.968750
8510.000000,-0.046875,-0.093750,-0.984375
8520.000000,-0.046875,-0.093750,-0.984375
8530.000000,-0.046875,-0.092188,-0.984375
8540.000000,-0.046875,-0.079861,-0.982639
8550.000000,-0.046875,-0.093750,-0.968750
8560.000000,-0.046875,-0.093750,-0.968750
8570.000000,-0.046875,-0.093750,-0.968750
8580.000000,-0.046875,-0.093750,-0.968750
8590.000000,-0.046875,-0.093750,-0.968750
8600.000000,-0.046875,-0.093750,-0.973437
8610.000000,-0.046875,-0.093750,-0.979688
8620.000000,-0.046875,-0.093750,-0.968750
8630.000000,-0.046875,-0.093750,-0.968750
8640.000000,-0.046875,-0.093750,-0.968750
8650.000000,-0.046875,-0.093750,-0.968750
8660.000000,-0.046875,-0.093750,-0.968750
8670.000000,-0.046875,-0.093750,-0.968750
8680.000000,-0.046875,-0.085938,-0.976562
8690.000000,-0.046875,-0.085938,-0.984375
8700.000000,-0.046875,-0.093750,-0.975694
8710.000000,-0.046875,-0.093750,-0.968750
8720.000000,-0.046875,-0.093750,-0.968750
8730.000000,-0.046875,-0.093750,-0.968750
8740.000000,-0.046875,-0.083333,-0.968750
8750.000000,-0.057813,-0.089063,-0.968750
8760.000000,-0.051562,-0.093750,-0.979688
8770.000000,-0.059028,-0.081597,-0.984375
8780.000000,-0.062500,-0.078125,-0.971875
8790.000000,-0.050000,-0.090625,-0.981250
8800.000000,-0.059375,-0.093750,-0.971875
8810.000000,-0.062500,-0.093750,-0.968750
8820.000000,-0.048611,-0.093750,-0.982639
8830.000000,-0.060937,-0.093750,-0.970313
8840.000000,-0.062500,-0.093750,-0.982812
8850.000000,-0.048438,-0.093750,-0.984375
8860.000000,-0.062500,-0.093750,-0.984375
8870.000000,-0.062500,-0.093750,-0.984375
8880.000000,-0.062500,-0.093750,-0.984375
8890.000000,-0.062500,-0.093750,-0.984375
8900.000000,-0.062500,-0.093750,-0.968750
8910.000000,-0.062500,-0.093750,-0.968750
8920.000000,-0.062500,-0.093750,-0.968750
8930.000000,-0.065625,-0.093750,-0.971875
8940.000000,-0.075000,-0.093750,-0.981250
8950.000000,-0.062500,-0.093750,-0.968750
8960.000000,-0.062500,-0.093750,-0.968750
8970.000000,-0.065972,-0.093750,-0.968750
8980.000000,-0.078125,-0.093750,-0.968750
8990.000000,-0.078125,-0.093750,-0.968750
9000.000000,-0.078125,-0.093750,-0.968750
9010.000000,-0.078125,-0.093750,-0.968750
9020.000000,-0.078125,-0.093750,-0.968750
9030.000000,-0.078125,-0.093750,-0.968750
9040.000000,-0.078125,-0.093750,-0.968750
9050.000000,-0.078125,-0.093750,-0.968750
9060.000000,-0.078125,-0.093750,-0.968750
9070.000000,-0.078125,-0.093750,-0.968750
9080.000000,-0.078125,-0.093750,-0.968750
9090.000000,-0.078125,-0.093750,-0.968750
9100.000000,-0.078125,-0.093750,-0.968750
9110.000000,-0.078125,-0.093750,-0.978125
9120.000000,-0.078125,-0.093750,-0.984375
9130.000000,-0.078125,-0.093750,-0.973958
9140.000000,-0.078125,-0.093750,-0.979688
9150.000000,-0.078125,-0.093750,-0.973437
9160.000000,-0.078125,-0.093750,-0.968750
9170.000000,-0.078125,-0.093750,-0.981250
9180.000000,-0.078125,-0.093750,-0.984375
9190.000000,-0.090625,-0.093750,-0.984375
9200.000000,-0.093750,-0.093750,-0.971875
9210.000000,-0.093750,-0.093750,-0.968750
9220.000000,-0.093750,-0.093750,-0.968750
9230.000000,-0.093750,-0.093750,-0.968750
9240.000000,-0.093750,-0.093750,-0.968750
9250.000000,-0.093750,-0.093750,-0.968750
9260.000000,-0.093750,-0.093750,-0.968750
9270.000000,-0.109375,-0.093750,-0.968750
9280.000000,-0.109375,-0.093750,-0.968750
9290.000000,-0.109375,-0.093750,-0.968750
9300.000000,-0.110937,-0.093750,-0.968750
9310.000000,-0.125000,-0.093750,-0.968750
9320.000000,-0.125000,-0.093750,-0.968750
9330.000000,-0.125000,-0.093750,-0.968750
9340.000000,-0.125000,-0.093750,-0.968750
9350.000000,-0.125000,-0.093750,-0.968750
9360.000000,-0.125000,-0.093750,-0.968750
9370.000000,-0.125000,-0.093750,-0.968750
9380.000000,-0.129688,-0.093750,-0.968750
9390.000000,-0.140625,-0.093750,-0.968750
9400.000000,-0.140625,-0.093750,-0.968750
9410.000000,-0.140625,-0.093750,-0.968750
9420.000000,-0.146875,-0.093750,-0.968750
9430.000000,-0.156250,-0.093750,-0.968750
9440.000000,-0.156250,-0.093750,-0.968750
9450.000000,-0.156250,-0.093750,-0.968750
9460.000000,-0.156250,-0.093750,-0.968750
9470.000000,-0.164062,-0.101562,-0.968750
9480.000000,-0.171875,-0.109375,-0.968750
9490.000000,-0.171875,-0.100000,-0.959375
9500.000000,-0.171875,-0.093750,-0.962500
9510.000000,-0.171875,-0.093750,-0.968750
9520.000000,-0.182292,-0.093750,-0.958333
9530.000000,-0.187500,-0.093750,-0.964063
9540.000000,-0.187500,-0.093750,-0.968750
9550.000000,-0.187500,-0.093750,-0.968750
9560.000000,-0.187500,-0.105903,-0.956597
9570.000000,-0.200000,-0.096875,-0.953125
9580.000000,-0.203125,-0.093750,-0.965625
9590.000000,-0.203125,-0.093750,-0.954861
9600.000000,-0.203125,-0.093750,-0.953125
9610.000000,-0.203125,-0.093750,-0.953125
9620.000000,-0.203125,-0.093750,-0.953125
9630.000000,-0.203125,-0.093750,-0.967187
9640.000000,-0.203125,-0.109375,-0.953125
9650.000000,-0.218750,-0.093750,-0.953125
9660.000000,-0.218750,-0.093750,-0.953125
9670.000000,-0.218750,-0.093750,-0.954688
9680.000000,-0.218750,-0.093750,-0.967187
9690.000000,-0.218750,-0.093750,-0.953125
9700.000000,-0.218750,-0.093750,-0.953125
9710.000000,-0.218750,-0.093750,-0.953125
9720.000000,-0.218750,-0.096875,-0.953125
9730.000000,-0.218750,-0.109375,-0.953125
9740.000000,-0.223438,-0.109375,-0.953125
9750.000000,-0.234375,-0.109375,-0.953125
9760.000000,-0.234375,-0.109375,-0.953125
9770.000000,-0.234375,-0.109375,-0.953125
9780.000000,-0.234375,-0.109375,-0.953125
9790.000000,-0.234375,-0.109375,-0.953125
9800.000000,-0.234375,-0.109375,-0.953125
9810.000000,-0.234375,-0.109375,-0.953125
9820.000000,-0.234375,-0.109375,-0.953125
9830.000000,-0.234375,-0.109375,-0.953125
9840.000000,-0.243750,-0.109375,-0.953125
9850.000000,-0.250000,-0.109375,-0.953125
9860.000000,-0.250000,-0.109375,-0.953125
9870.000000,-0.250000,-0.109375,-0.953125
9880.000000,-0.250000,-0.109375,-0.953125
9890.000000,-0.250000,-0.109375,-0.953125
9900.000000,-0.250000,-0.121875,-0.953125
9910.000000,-0.262500,-0.112500,-0.940625
9920.000000,-0.265625,-0.109375,-0.937500
9930.000000,-0.265625,-0.109375,-0.951562
9940.000000,-0.265625,-0.109375,-0.953125
9950.000000,-0.265625,-0.109375,-0.953125
9960.000000,-0.265625,-0.125000,-0.953125
9970.000000,-0.265625,-0.125000,-0.937500
9980.000000,-0.265625,-0.125000,-0.937500
9990.000000,-0.265625,-0.125000,-0.937500
10000.000000,-0.265625,-0.125000,-0.939236
10010.000000,-0.265625,-0.125000,-0.953125
10020.000000,-0.265625,-0.125000,-0.950000
10030.000000,-0.265625,-0.125000,-0.937500
10040.000000,-0.265625,-0.125000,-0.937500
10050.000000,-0.265625,-0.125000,-0.937500
10060.000000,-0.265625,-0.125000,-0.937500
10070.000000,-0.265625,-0.125000,-0.937500
10080.000000,-0.271875,-0.125000,-0.937500
10090.000000,-0.274306,-0.125000,-0.944444
10100.000000,-0.265625,-0.125000,-0.945312
10110.000000,-0.265625,-0.125000,-0.937500
10120.000000,-0.265625,-0.125000,-0.946181
10130.000000,-0.275000,-0.125000,-0.943750
10140.000000,-0.270833,-0.125000,-0.937500
10150.000000,-0.265625,-0.125000,-0.937500
10160.000000,-0.265625,-0.114062,-0.948438
10170.000000,-0.265625,-0.109375,-0.953125
10180.000000,-0.265625,-0.121528,-0.940972
10190.000000,-0.265625,-0.125000,-0.937500
10200.000000,-0.265625,-0.112500,-0.937500
10210.000000,-0.265625,-0.123264,-0.937500
10220.000000,-0.265625,-0.125000,-0.937500
10230.000000,-0.265625,-0.109375,-0.937500
10240.000000,-0.265625,-0.125000,-0.937500
10250.000000,-0.265625,-0.109375,-0.937500
10260.000000,-0.265625,-0.125000,-0.953125
10270.000000,-0.265625,-0.109375,-0.953125
10280.000000,-0.265625,-0.109375,-0.953125
10290.000000,-0.263889,-0.109375,-0.953125
10300.000000,-0.250000,-0.109375,-0.953125
10310.000000,-0.250000,-0.109375,-0.953125
10320.000000,-0.250000,-0.109375,-0.953125
10330.000000,-0.250000,-0.109375,-0.953125
10340.000000,-0.250000,-0.109375,-0.953125
10350.000000,-0.250000,-0.115625,-0.953125
10360.000000,-0.250000,-0.125000,-0.953125
10370.000000,-0.250000,-0.118750,-0.953125
10380.000000,-0.250000,-0.109375,-0.953125
10390.000000,-0.250000,-0.109375,-0.953125
10400.000000,-0.241319,-0.109375,-0.953125
10410.000000,-0.243750,-0.118750,-0.953125
10420.000000,-0.240625,-0.115625,-0.953125
10430.000000,-0.244792,-0.109375,-0.953125
10440.000000,-0.239063,-0.109375,-0.953125
10450.000000,-0.234375,-0.109375,-0.953125
10460.000000,-0.234375,-0.109375,-0.953125
10470.000000,-0.234375,-0.109375,-0.953125
10480.000000,-0.234375,-0.109375,-0.965625
10490.000000,-0.234375,-0.109375,-0.968750
10500.000000,-0.220486,-0.109375,-0.954861
10510.000000,-0.218750,-0.109375,-0.953125
10520.000000,-0.218750,-0.109375,-0.953125
10530.000000,-0.218750,-0.109375,-0.953125
10540.000000,-0.218750,-0.125000,-0.953125
10550.000000,-0.218750,-0.109375,-0.953125
10560.000000,-0.218750,-0.109375,-0.953125
10570.000000,-0.218750,-0.109375,-0.953125
10580.000000,-0.218750,-0.109375,-0.953125
10590.000000,-0.218750,-0.109375,-0.953125
10600.000000,-0.218750,-0.109375,-0.953125
10610.000000,-0.218750,-0.109375,-0.953125
10620.000000,-0.218750,-0.109375,-0.953125
10630.000000,-0.218750,-0.109375,-0.958333
10640.000000,-0.218750,-0.109375,-0.962500
10650.000000,-0.212500,-0.109375,-0.953125
10660.000000,-0.203125,-0.109375,-0.953125
10670.000000,-0.203125,-0.109375,-0.953125
10680.000000,-0.203125,-0.109375,-0.953125
10690.000000,-0.195312,-0.109375,-0.953125
10700.000000,-0.187500,-0.109375,-0.953125
10710.000000,-0.178125,-0.100000,-0.953125
10720.000000,-0.171875,-0.104167,-0.963542
10730.000000,-0.160938,-0.109375,-0.968750
10740.000000,-0.156250,-0.109375,-0.968750
10750.000000,-0.156250,-0.098437,-0.968750
10760.000000,-0.144097,-0.093750,-0.968750
10770.000000,-0.140625,-0.093750,-0.968750
10780.000000,-0.140625,-0.106250,-0.968750
10790.000000,-0.126736,-0.095486,-0.982639
10800.000000,-0.125000,-0.093750,-0.984375
10810.000000,-0.109375,-0.109375,-0.984375
10820.000000,-0.109375,-0.109375,-0.968750
10830.000000,-0.109375,-0.093750,-0.968750
10840.000000,-0.107813,-0.107813,-0.982812
10850.000000,-0.093750,-0.095312,-0.968750
10860.000000,-0.093750,-0.109375,-0.968750
10870.000000,-0.092014,-0.109375,-0.970486
10880.000000,-0.081250,-0.109375,-0.981250
10890.000000,-0.090625,-0.109375,-0.971875
10900.000000,-0.078125,-0.109375,-0.984375
10910.000000,-0.078125,-0.104688,-0.979688
10920.000000,-0.078125,-0.098437,-0.968750
10930.000000,-0.078125,-0.109375,-0.968750
10940.000000,-0.078125,-0.109375,-0.968750
10950.000000,-0.078125,-0.109375,-0.968750
10960.000000,-0.078125,-0.109375,-0.968750
10970.000000,-0.078125,-0.103125,-0.968750
10980.000000,-0.078125,-0.100694,-0.968750
10990.000000,-0.078125,-0.101562,-0.968750
11000.000000,-0.078125,-0.101562,-0.976562
11010.000000,-0.078125,-0.109375,-0.976562
11020.000000,-0.078125,-0.109375,-0.968750
11030.000000,-0.078125,-0.100694,-0.968750
11040.000000,-0.068750,-0.103125,-0.978125
11050.000000,-0.062500,-0.100000,-0.984375
11060.000000,-0.062500,-0.093750,-0.984375
11070.000000,-0.062500,-0.093750,-0.984375
11080.000000,-0.062500,-0.093750,-0.973437
11090.000000,-0.062500,-0.093750,-0.968750
11100.000000,-0.062500,-0.093750,-0.968750
11110.000000,-0.062500,-0.093750,-0.968750
11120.000000,-0.062500,-0.093750,-0.981250
11130.000000,-0.062500,-0.106250,-0.984375
11140.000000,-0.062500,-0.096875,-0.971875
11150.000000,-0.062500,-0.093750,-0.982639
11160.000000,-0.062500,-0.093750,-0.970313
11170.000000,-0.062500,-0.093750,-0.968750
11180.000000,-0.062500,-0.093750,-0.968750
11190.000000,-0.062500,-0.093750,-0.968750
11200.000000,-0.062500,-0.093750,-0.984375
11210.000000,-0.046875,-0.093750,-0.968750
11220.000000,-0.062500,-0.093750,-0.968750
11230.000000,-0.062500,-0.093750,-0.982812
11240.000000,-0.062500,-0.093750,-0.968750
11250.000000,-0.060764,-0.093750,-0.970486
11260.000000,-0.046875,-0.093750,-0.981250
11270.000000,-0.046875,-0.093750,-0.968750
11280.000000,-0.046875,-0.093750,-0.968750
11290.000000,-0.046875,-0.093750,-0.971875
11300.000000,-0.046875,-0.093750,-0.984375
11310.000000,-0.046875,-0.093750,-0.979688
11320.000000,-0.046875,-0.093750,-0.973437
11330.000000,-0.046875,-0.093750,-0.979167
11340.000000,-0.046875,-0.093750,-0.968750
11350.000000,-0.046875,-0.093750,-0.975000
11360.000000,-0.046875,-0.093750,-0.984375
11370.000000,-0.046875,-0.093750,-0.984375
11380.000000,-0.046875,-0.093750,-0.984375
11390.000000,-0.046875,-0.093750,-0.984375
11400.000000,-0.046875,-0.093750,-0.984375
11410.000000,-0.046875,-0.093750,-0.984375
11420.000000,-0.046875,-0.093750,-0.984375
11430.000000,-0.046875,-0.093750,-0.984375
11440.000000,-0.046875,-0.093750,-0.975000
11450.000000,-0.046875,-0.093750,-0.978125
11460.000000,-0.046875,-0.093750,-0.984375
11470.000000,-0.046875,-0.093750,-0.973437
11480.000000,-0.046875,-0.093750,-0.979688
11490.000000,-0.046875,-0.093750,-0.972222
11500.000000,-0.046875,-0.093750,-0.981250
11510.000000,-0.046875,-0.093750,-0.984375
11520.000000,-0.046875,-0.093750,-0.984375
11530.000000,-0.046875,-0.093750,-0.984375
11540.000000,-0.046875,-0.093750,-0.984375
11550.000000,-0.046875,-0.093750,-0.984375
11560.000000,-0.046875,-0.093750,-0.984375
11570.000000,-0.046875,-0.093750,-0.984375
11580.000000,-0.046875,-0.093750,-0.984375
11590.000000,-0.046875,-0.093750,-0.968750
11600.000000,-0.046875,-0.093750,-0.984375
11610.000000,-0.046875,-0.093750,-0.982812
11620.000000,-0.046875,-0.093750,-0.970313
11630.000000,-0.046875,-0.093750,-0.984375
11640.000000,-0.046875,-0.093750,-0.984375
11650.000000,-0.046875,-0.093750,-0.984375
11660.000000,-0.046875,-0.093750,-0.984375
11670.000000,-0.046875,-0.093750,-0.981250
11680.000000,-0.046875,-0.093750,-0.968750
11690.000000,-0.046875,-0.093750,-0.972222
11700.000000,-0.046875,-0.093750,-0.979688
11710.000000,-0.046875,-0.093750,-0.973437
11720.000000,-0.046875,-0.093750,-0.984375
11730.000000,-0.046875,-0.093750,-0.984375
11740.000000,-0.046875,-0.093750,-0.978125
11750.000000,-0.046875,-0.093750,-0.968750
11760.000000,-0.046875,-0.093750,-0.968750
11770.000000,-0.046875,-0.093750,-0.968750
11780.000000,-0.046875,-0.093750,-0.968750
11790.000000,-0.046875,-0.093750,-0.968750
11800.000000,-0.046875,-0.093750,-0.976562
11810.000000,-0.046875,-0.093750,-0.975694
11820.000000,-0.046875,-0.093750,-0.968750
11830.000000,-0.046875,-0.093750,-0.978125
11840.000000,-0.046875,-0.093750,-0.984375
11850.000000,-0.046875,-0.093750,-0.984375
11860.000000,-0.046875,-0.093750,-0.984375
11870.000000,-0.046875,-0.093750,-0.973437
11880.000000,-0.046875,-0.093750,-0.979688
11890.000000,-0.046875,-0.093750,-0.972222
11900.000000,-0.046875,-0.093750,-0.981250
11910.000000,-0.046875,-0.093750,-0.984375
11920.000000,-0.046875,-0.093750,-0.984375
11930.000000,-0.046875,-0.093750,-0.970313
11940.000000,-0.046875,-0.093750,-0.982812
11950.000000,-0.046875,-0.093750,-0.984375
11960.000000,-0.046875,-0.093750,-0.970313
11970.000000,-0.046875,-0.093750,-0.968750
11980.000000,-0.031250,-0.093750,-0.984375
11990.000000,-0.046875,-0.093750,-0.984375
12000.000000,-0.046875,-0.093750,-0.982812
12010.000000,-0.046875,-0.093750,-0.970313
12020.000000,-0.046875,-0.093750,-0.982812
12030.000000,-0.046875,-0.093750,-0.968750
12040.000000,-0.046875,-0.093750,-0.970486
12050.000000,-0.046875,-0.093750,-0.984375
12060.000000,-0.046875,-0.093750,-0.984375
12070.000000,-0.046875,-0.093750,-0.980903
12080.000000,-0.046875,-0.093750,-0.968750
12090.000000,-0.046875,-0.093750,-0.973437
12100.000000,-0.046875,-0.093750,-0.984375
12110.000000,-0.046875,-0.093750,-0.979688
12120.000000,-0.046875,-0.093750,-0.973958
12130.000000,-0.046875,-0.093750,-0.984375
12140.000000,-0.046875,-0.093750,-0.984375
12150.000000,-0.046875,-0.093750,-0.977431
12160.000000,-0.046875,-0.093750,-0.976562
12170.000000,-0.046875,-0.093750,-0.984375
12180.000000,-0.046875,-0.093750,-0.984375
12190.000000,-0.046875,-0.093750,-0.976562
12200.000000,-0.046875,-0.093750,-0.968750
12210.000000,-0.046875,-0.093750,-0.968750
12220.000000,-0.046875,-0.093750,-0.968750
12230.000000,-0.046875,-0.093750,-0.968750
12240.000000,-0.046875,-0.093750,-0.968750
12250.000000,-0.046875,-0.093750,-0.968750
12260.000000,-0.046875,-0.093750,-0.979688
12270.000000,-0.046875,-0.093750,-0.984375
12280.000000,-0.046875,-0.093750,-0.984375
12290.000000,-0.046875,-0.093750,-0.971875
12300.000000,-0.046875,-0.093750,-0.981250
12310.000000,-0.046875,-0.093750,-0.971875
12320.000000,-0.046875,-0.093750,-0.982639
12330.000000,-0.046875,-0.093750,-0.984375
12340.000000,-0.046875,-0.093750,-0.970313
12350.000000,-0.046875,-0.093750,-0.968750
12360.000000,-0.046875,-0.078125,-0.984375
12370.000000,-0.046875,-0.093750,-0.968750
12380.000000,-0.046875,-0.093750,-0.968750
12390.000000,-0.046875,-0.093750,-0.968750
12400.000000,-0.048438,-0.093750,-0.970313
12410.000000,-0.060937,-0.092188,-0.984375
12420.000000,-0.048611,-0.079861,-0.984375
12430.000000,-0.062500,-0.093750,-0.984375
12440.000000,-0.062500,-0.090625,-0.981250
12450.000000,-0.059375,-0.081250,-0.968750
12460.000000,-0.050000,-0.090625,-0.971875
12470.000000,-0.059028,-0.081597,-0.980903
12480.000000,-0.046875,-0.089063,-0.973437
12490.000000,-0.046875,-0.082812,-0.979688
12500.000000,-0.051562,-0.089063,-0.968750
12510.000000,-0.062500,-0.078125,-0.968750
12520.000000,-0.062500,-0.078125,-0.968750
12530.000000,-0.056250,-0.078125,-0.968750
12540.000000,-0.053125,-0.078125,-0.968750
12550.000000,-0.062500,-0.078125,-0.975694
12560.000000,-0.062500,-0.078125,-0.976562
12570.000000,-0.062500,-0.078125,-0.968750
12580.000000,-0.062500,-0.078125,-0.968750
12590.000000,-0.062500,-0.078125,-0.968750
12600.000000,-0.062500,-0.078125,-0.968750
12610.000000,-0.062500,-0.078125,-0.968750
12620.000000,-0.062500,-0.078125,-0.968750
12630.000000,-0.062500,-0.078125,-0.979688
12640.000000,-0.062500,-0.078125,-0.984375
12650.000000,-0.062500,-0.089063,-0.973437
12660.000000,-0.062500,-0.093750,-0.968750
12670.000000,-0.062500,-0.093750,-0.968750
12680.000000,-0.062500,-0.093750,-0.968750
12690.000000,-0.062500,-0.093750,-0.981250
12700.000000,-0.062500,-0.093750,-0.984375
12710.000000,-0.062500,-0.093750,-0.970486
12720.000000,-0.062500,-0.093750,-0.968750
12730.000000,-0.062500,-0.093750,-0.968750
12740.000000,-0.062500,-0.093750,-0.984375
12750.000000,-0.062500,-0.093750,-0.984375
12760.000000,-0.062500,-0.093750,-0.968750
12770.000000,-0.078125,-0.078125,-0.984375
12780.000000,-0.078125,-0.093750,-0.970313
12790.000000,-0.078125,-0.093750,-0.982812
12800.000000,-0.078125,-0.093750,-0.968750
12810.000000,-0.078125,-0.093750,-0.968750
12820.000000,-0.081250,-0.090625,-0.968750
12830.000000,-0.093750,-0.078125,-0.971875
12840.000000,-0.093750,-0.081250,-0.981250
12850.000000,-0.093750,-0.093750,-0.968750
12860.000000,-0.097222,-0.093750,-0.968750
12870.000000,-0.109375,-0.093750,-0.968750
12880.000000,-0.109375,-0.093750,-0.968750
12890.000000,-0.109375,-0.093750,-0.968750
12900.000000,-0.109375,-0.088542,-0.968750
12910.000000,-0.109375,-0.084375,-0.968750
12920.000000,-0.109375,-0.087500,-0.968750
12930.000000,-0.109375,-0.085069,-0.968750
12940.000000,-0.117188,-0.085938,-0.968750
12950.000000,-0.125000,-0.078125,-0.968750
12960.000000,-0.125000,-0.085938,-0.968750
12970.000000,-0.117188,-0.093750,-0.968750
12980.000000,-0.118056,-0.085069,-0.968750
12990.000000,-0.125000,-0.078125,-0.968750
13000.000000,-0.115625,-0.087500,-0.978125
13010.000000,-0.109375,-0.093750,-0.975000
13020.000000,-0.109375,-0.083333,-0.968750
13030.000000,-0.109375,-0.078125,-0.968750
13040.000000,-0.109375,-0.078125,-0.979688
13050.000000,-0.120313,-0.089063,-0.973437
13060.000000,-0.125000,-0.081597,-0.968750
13070.000000,-0.125000,-0.090625,-0.968750
13080.000000,-0.125000,-0.093750,-0.968750
13090.000000,-0.125000,-0.093750,-0.968750
13100.000000,-0.139063,-0.079687,-0.968750
13110.000000,-0.140625,-0.092188,-0.968750
13120.000000,-0.140625,-0.079687,-0.968750
13130.000000,-0.140625,-0.093750,-0.968750
13140.000000,-0.140625,-0.093750,-0.968750
13150.000000,-0.156250,-0.093750,-0.968750
13160.000000,-0.156250,-0.093750,-0.968750
13170.000000,-0.156250,-0.078125,-0.968750
13180.000000,-0.171875,-0.093750,-0.967187
13190.000000,-0.171875,-0.093750,-0.953125
13200.000000,-0.171875,-0.093750,-0.954688
13210.000000,-0.173611,-0.093750,-0.968750
13220.000000,-0.187500,-0.093750,-0.965625
13230.000000,-0.187500,-0.093750,-0.953125
13240.000000,-0.187500,-0.093750,-0.953125
13250.000000,-0.187500,-0.093750,-0.953125
13260.000000,-0.187500,-0.093750,-0.953125
13270.000000,-0.187500,-0.093750,-0.953125
13280.000000,-0.187500,-0.093750,-0.953125
13290.000000,-0.187500,-0.093750,-0.959375
13300.000000,-0.194444,-0.093750,-0.968750
13310.000000,-0.203125,-0.093750,-0.968750
13320.000000,-0.194444,-0.093750,-0.960069
13330.000000,-0.187500,-0.093750,-0.953125
13340.000000,-0.196875,-0.093750,-0.953125
13350.000000,-0.193750,-0.093750,-0.953125
13360.000000,-0.197917,-0.093750,-0.953125
13370.000000,-0.203125,-0.093750,-0.964063
13380.000000,-0.203125,-0.093750,-0.957812
13390.000000,-0.203125,-0.093750,-0.965278
13400.000000,-0.203125,-0.093750,-0.968750
13410.000000,-0.203125,-0.093750,-0.968750
13420.000000,-0.203125,-0.093750,-0.954688
13430.000000,-0.203125,-0.093750,-0.967187
13440.000000,-0.203125,-0.107813,-0.954688
13450.000000,-0.203125,-0.093750,-0.968750
13460.000000,-0.203125,-0.093750,-0.968750
13470.000000,-0.203125,-0.093750,-0.968750
13480.000000,-0.217188,-0.093750,-0.953125
13490.000000,-0.203125,-0.093750,-0.953125
13500.000000,-0.203125,-0.093750,-0.953125
13510.000000,-0.203125,-0.093750,-0.953125
13520.000000,-0.203125,-0.093750,-0.953125
13530.000000,-0.206597,-0.093750,-0.953125
13540.000000,-0.218750,-0.093750,-0.953125
13550.000000,-0.213542,-0.093750,-0.953125
13560.000000,-0.209375,-0.093750,-0.953125
13570.000000,-0.218750,-0.093750,-0.959375
13580.000000,-0.211806,-0.100694,-0.961806
13590.000000,-0.210938,-0.109375,-0.953125
13600.000000,-0.218750,-0.101562,-0.953125
13610.000000,-0.218750,-0.093750,-0.953125
13620.000000,-0.218750,-0.093750,-0.953125
13630.000000,-0.218750,-0.103125,-0.962500
13640.000000,-0.218750,-0.109375,-0.958333
13650.000000,-0.218750,-0.109375,-0.953125
13660.000000,-0.207813,-0.109375,-0.953125
13670.000000,-0.203125,-0.097222,-0.953125
13680.000000,-0.215625,-0.093750,-0.953125
13690.000000,-0.218750,-0.093750,-0.953125
13700.000000,-0.218750,-0.093750,-0.953125
13710.000000,-0.218750,-0.093750,-0.953125
13720.000000,-0.218750,-0.093750,-0.953125
13730.000000,-0.218750,-0.109375,-0.953125
13740.000000,-0.218750,-0.093750,-0.953125
13750.000000,-0.218750,-0.093750,-0.953125
13760.000000,-0.218750,-0.109375,-0.953125
13770.000000,-0.218750,-0.107813,-0.953125
13780.000000,-0.218750,-0.095312,-0.953125
13790.000000,-0.218750,-0.107639,-0.953125
13800.000000,-0.218750,-0.093750,-0.953125
13810.000000,-0.218750,-0.093750,-0.953125
13820.000000,-0.218750,-0.093750,-0.957812
13830.000000,-0.218750,-0.098437,-0.964063
13840.000000,-0.218750,-0.104688,-0.953125
13850.000000,-0.218750,-0.093750,-0.953125
13860.000000,-0.218750,-0.093750,-0.953125
13870.000000,-0.218750,-0.093750,-0.953125
13880.000000,-0.218750,-0.093750,-0.960069
13890.000000,-0.218750,-0.093750,-0.960938
13900.000000,-0.218750,-0.093750,-0.953125
13910.000000,-0.218750,-0.103125,-0.953125
13920.000000,-0.218750,-0.100000,-0.953125
13930.000000,-0.218750,-0.093750,-0.962500
13940.000000,-0.218750,-0.093750,-0.958333
13950.000000,-0.218750,-0.093750,-0.964063
13960.000000,-0.207813,-0.093750,-0.957812
13970.000000,-0.203125,-0.093750,-0.953125
13980.000000,-0.215625,-0.093750,-0.953125
13990.000000,-0.204861,-0.093750,-0.953125
14000.000000,-0.203125,-0.093750,-0.953125
14010.000000,-0.203125,-0.093750,-0.953125
14020.000000,-0.203125,-0.093750,-0.967187
14030.000000,-0.203125,-0.093750,-0.953125
14040.000000,-0.203125,-0.093750,-0.953125
14050.000000,-0.203125,-0.093750,-0.953125
14060.000000,-0.203125,-0.093750,-0.968750
14070.000000,-0.203125,-0.093750,-0.967014
14080.000000,-0.200000,-0.093750,-0.953125
14090.000000,-0.190625,-0.093750,-0.953125
14100.000000,-0.203125,-0.093750,-0.953125
14110.000000,-0.203125,-0.093750,-0.956597
14120.000000,-0.198437,-0.093750,-0.968750
14130.000000,-0.192708,-0.093750,-0.968750
14140.000000,-0.196875,-0.093750,-0.968750
14150.000000,-0.193750,-0.093750,-0.962500
14160.000000,-0.203125,-0.093750,-0.960069
14170.000000,-0.203125,-0.093750,-0.968750
14180.000000,-0.203125,-0.093750,-0.960938
14190.000000,-0.195312,-0.093750,-0.953125
14200.000000,-0.196181,-0.093750,-0.953125
14210.000000,-0.193750,-0.093750,-0.953125
14220.000000,-0.187500,-0.093750,-0.953125
14230.000000,-0.187500,-0.093750,-0.964063
14240.000000,-0.187500,-0.093750,-0.957812
14250.000000,-0.187500,-0.093750,-0.953125
14260.000000,-0.187500,-0.093750,-0.953125
14270.000000,-0.187500,-0.093750,-0.965625
14280.000000,-0.187500,-0.093750,-0.968750
14290.000000,-0.173611,-0.093750,-0.968750
14300.000000,-0.171875,-0.093750,-0.968750
14310.000000,-0.171875,-0.093750,-0.968750
14320.000000,-0.156250,-0.093750,-0.968750
14330.000000,-0.156250,-0.093750,-0.968750
14340.000000,-0.156250,-0.093750,-0.968750
14350.000000,-0.156250,-0.093750,-0.967187
14360.000000,-0.154688,-0.093750,-0.954688
14370.000000,-0.140625,-0.093750,-0.968750
14380.000000,-0.137500,-0.093750,-0.968750
14390.000000,-0.125000,-0.093750,-0.968750
14400.000000,-0.125000,-0.093750,-0.968750
14410.000000,-0.120313,-0.093750,-0.968750
14420.000000,-0.109375,-0.093750,-0.968750
14430.000000,-0.109375,-0.093750,-0.968750
14440.000000,-0.103125,-0.093750,-0.968750
14450.000000,-0.093750,-0.093750,-0.975000
14460.000000,-0.093750,-0.093750,-0.977431
14470.000000,-0.093750,-0.093750,-0.968750
14480.000000,-0.085069,-0.093750,-0.968750
14490.000000,-0.078125,-0.093750,-0.978125
14500.000000,-0.078125,-0.093750,-0.984375
14510.000000,-0.078125,-0.093750,-0.984375
14520.000000,-0.078125,-0.093750,-0.984375
14530.000000,-0.067187,-0.093750,-0.984375
14540.000000,-0.062500,-0.093750,-0.973437
14550.000000,-0.062500,-0.093750,-0.980903
14560.000000,-0.062500,-0.093750,-0.971875
14570.000000,-0.062500,-0.093750,-0.982639
14580.000000,-0.062500,-0.093750,-0.984375
14590.000000,-0.062500,-0.093750,-0.984375
14600.000000,-0.062500,-0.093750,-0.984375
14610.000000,-0.046875,-0.093750,-0.984375
14620.000000,-0.062500,-0.093750,-0.984375
14630.000000,-0.046875,-0.093750,-0.968750
14640.000000,-0.046875,-0.093750,-0.970313
14650.000000,-0.046875,-0.093750,-0.984375
14660.000000,-0.046875,-0.093750,-0.984375
14670.000000,-0.046875,-0.093750,-0.981250
14680.000000,-0.046875,-0.093750,-0.971875
14690.000000,-0.046875,-0.093750,-0.980903
14700.000000,-0.046875,-0.093750,-0.968750
14710.000000,-0.046875,-0.093750,-0.973958
14720.000000,-0.046875,-0.093750,-0.978125
14730.000000,-0.046875,-0.093750,-0.975000
14740.000000,-0.046875,-0.093750,-0.984375
14750.000000,-0.046875,-0.093750,-0.984375
14760.000000,-0.046875,-0.093750,-0.984375
14770.000000,-0.046875,-0.093750,-0.984375
14780.000000,-0.046875,-0.093750,-0.975694
14790.000000,-0.046875,-0.093750,-0.968750
14800.000000,-0.046875,-0.093750,-0.968750
14810.000000,-0.046875,-0.093750,-0.979688
14820.000000,-0.046875,-0.093750,-0.973437
14830.000000,-0.046875,-0.093750,-0.980903
14840.000000,-0.046875,-0.093750,-0.984375
14850.000000,-0.046875,-0.093750,-0.984375
14860.000000,-0.046875,-0.093750,-0.971875
14870.000000,-0.046875,-0.093750,-0.982639
14880.000000,-0.046875,-0.093750,-0.970313
14890.000000,-0.046875,-0.093750,-0.984375
14900.000000,-0.046875,-0.093750,-0.968750
14910.000000,-0.046875,-0.093750,-0.968750
14920.000000,-0.046875,-0.093750,-0.984375
14930.000000,-0.046875,-0.093750,-0.970313
14940.000000,-0.046875,-0.092188,-0.982812
14950.000000,-0.046875,-0.079861,-0.970486
14960.000000,-0.043750,-0.093750,-0.984375
14970.000000,-0.034722,-0.093750,-0.980903
14980.000000,-0.046875,-0.093750,-0.968750
14990.000000,-0.042188,-0.093750,-0.973437
15000.000000,-0.035937,-0.093750,-0.984375
15010.000000,-0.041667,-0.093750,-0.984375
15020.000000,-0.031250,-0.093750,-0.984375
15030.000000,-0.037500,-0.093750,-0.984375
15040.000000,-0.046875,-0.093750,-0.984375
15050.000000,-0.046875,-0.085938,-0.976562
15060.000000,-0.046875,-0.086806,-0.977431
15070.000000,-0.046875,-0.093750,-0.975000
15080.000000,-0.037500,-0.093750,-0.978125
15090.000000,-0.031250,-0.093750,-0.975000
15100.000000,-0.041667,-0.093750,-0.979167
15110.000000,-0.046875,-0.093750,-0.984375
15120.000000,-0.046875,-0.093750,-0.984375
15130.000000,-0.034375,-0.093750,-0.984375
15140.000000,-0.031250,-0.093750,-0.984375
15150.000000,-0.031250,-0.093750,-0.984375
15160.000000,-0.031250,-0.093750,-0.970313
15170.000000,-0.031250,-0.093750,-0.982812
15180.000000,-0.031250,-0.093750,-0.984375
15190.000000,-0.031250,-0.093750,-0.984375
15200.000000,-0.046875,-0.093750,-0.968750
15210.000000,-0.046875,-0.079687,-0.984375
15220.000000,-0.046875,-0.093750,-0.984375
15230.000000,-0.045312,-0.093750,-0.984375
15240.000000,-0.032986,-0.093750,-0.984375
15250.000000,-0.043750,-0.093750,-0.981250
15260.000000,-0.034375,-0.093750,-0.968750
15270.000000,-0.043403,-0.093750,-0.972222
15280.000000,-0.035937,-0.089063,-0.979688
15290.000000,-0.046875,-0.083333,-0.973958
15300.000000,-0.046875,-0.093750,-0.984375
15310.000000,-0.040625,-0.093750,-0.984375
15320.000000,-0.038194,-0.093750,-0.984375
15330.000000,-0.039062,-0.093750,-0.984375
15340.000000,-0.039062,-0.093750,-0.976562
15350.000000,-0.039062,-0.093750,-0.968750
15360.000000,-0.039931,-0.093750,-0.977431
15370.000000,-0.037500,-0.093750,-0.975000
15380.000000,-0.031250,-0.093750,-0.979167
15390.000000,-0.031250,-0.093750,-0.973437
15400.000000,-0.031250,-0.082812,-0.979688
15410.000000,-0.031250,-0.089063,-0.984375
15420.000000,-0.043403,-0.093750,-0.984375
15430.000000,-0.046875,-0.093750,-0.971875
15440.000000,-0.046875,-0.093750,-0.968750
15450.000000,-0.032986,-0.093750,-0.982639
15460.000000,-0.031250,-0.093750,-0.970313
15470.000000,-0.046875,-0.093750,-0.984375
15480.000000,-0.031250,-0.093750,-0.984375
15490.000000,-0.046875,-0.078125,-0.984375
15500.000000,-0.046875,-0.093750,-0.984375
15510.000000,-0.032813,-0.092188,-0.984375
15520.000000,-0.046875,-0.079687,-0.984375
15530.000000,-0.046875,-0.093750,-0.984375
15540.000000,-0.043750,-0.093750,-0.981250
15550.000000,-0.031250,-0.093750,-0.971875
15560.000000,-0.034722,-0.093750,-0.980903
15570.000000,-0.042188,-0.093750,-0.973437
15580.000000,-0.031250,-0.093750,-0.979688
15590.000000,-0.035937,-0.093750,-0.973437
15600.000000,-0.042188,-0.093750,-0.984375
15610.000000,-0.031250,-0.093750,-0.984375
15620.000000,-0.037500,-0.093750,-0.984375
15630.000000,-0.046875,-0.093750,-0.984375
15640.000000,-0.046875,-0.093750,-0.984375
15650.000000,-0.046875,-0.093750,-0.984375
15660.000000,-0.046875,-0.093750,-0.984375
15670.000000,-0.046875,-0.093750,-0.984375
15680.000000,-0.046875,-0.085938,-0.984375
15690.000000,-0.046875,-0.086806,-0.975694
15700.000000,-0.046875,-0.093750,-0.968750
15710.000000,-0.046875,-0.093750,-0.978125
15720.000000,-0.046875,-0.093750,-0.984375
15730.000000,-0.046875,-0.093750,-0.984375
15740.000000,-0.046875,-0.093750,-0.973437
15750.000000,-0.046875,-0.093750,-0.968750
15760.000000,-0.046875,-0.093750,-0.980903
15770.000000,-0.046875,-0.093750,-0.971875
15780.000000,-0.046875,-0.093750,-0.968750
15790.000000,-0.046875,-0.093750,-0.968750
15800.000000,-0.046875,-0.093750,-0.968750
15810.000000,-0.046875,-0.093750,-0.982639
15820.000000,-0.046875,-0.093750,-0.984375
15830.000000,-0.046875,-0.093750,-0.984375
15840.000000,-0.046875,-0.093750,-0.984375
15850.000000,-0.046875,-0.093750,-0.984375
15860.000000,-0.046875,-0.093750,-0.968750
15870.000000,-0.046875,-0.093750,-0.968750
15880.000000,-0.046875,-0.093750,-0.982812
15890.000000,-0.046875,-0.093750,-0.968750
15900.000000,-0.048438,-0.092188,-0.970313
15910.000000,-0.060764,-0.079861,-0.984375
15920.000000,-0.046875,-0.093750,-0.984375
15930.000000,-0.050000,-0.093750,-0.984375
15940.000000,-0.062500,-0.090625,-0.981250
15950.000000,-0.062500,-0.081597,-0.968750
15960.000000,-0.062500,-0.089063,-0.968750
15970.000000,-0.062500,-0.078125,-0.968750
15980.000000,-0.062500,-0.082812,-0.973437
15990.000000,-0.062500,-0.089063,-0.984375
16000.000000,-0.067708,-0.083333,-0.984375
16010.000000,-0.078125,-0.087500,-0.978125
16020.000000,-0.071875,-0.084375,-0.968750
16030.000000,-0.068750,-0.093750,-0.968750
16040.000000,-0.078125,-0.093750,-0.968750
16050.000000,-0.078125,-0.093750,-0.976562
16060.000000,-0.078125,-0.093750,-0.984375
16070.000000,-0.078125,-0.093750,-0.984375
16080.000000,-0.087500,-0.093750,-0.984375
16090.000000,-0.093750,-0.093750,-0.975000
16100.000000,-0.093750,-0.084375,-0.978125
16110.000000,-0.093750,-0.087500,-0.975000
16120.000000,-0.104167,-0.093750,-0.968750
16130.000000,-0.109375,-0.093750,-0.968750
16140.000000,-0.109375,-0.093750,-0.968750
16150.000000,-0.120313,-0.082812,-0.968750
16160.000000,-0.125000,-0.090278,-0.968750
16170.000000,-0.137500,-0.081250,-0.968750
16180.000000,-0.140625,-0.090625,-0.968750
16190.000000,-0.140625,-0.093750,-0.968750
16200.000000,-0.140625,-0.093750,-0.968750
16210.000000,-0.154688,-0.093750,-0.968750
16220.000000,-0.156250,-0.093750,-0.968750
16230.000000,-0.156250,-0.078125,-0.968750
16240.000000,-0.156250,-0.093750,-0.968750
16250.000000,-0.156250,-0.093750,-0.968750
16260.000000,-0.156250,-0.078125,-0.968750
16270.000000,-0.156250,-0.092188,-0.968750
16280.000000,-0.156250,-0.079687,-0.968750
16290.000000,-0.156250,-0.093750,-0.968750
16300.000000,-0.156250,-0.093750,-0.968750
16310.000000,-0.156250,-0.093750,-0.968750
16320.000000,-0.156250,-0.093750,-0.971875
16330.000000,-0.156250,-0.093750,-0.981250
16340.000000,-0.156250,-0.093750,-0.968750
16350.000000,-0.159722,-0.097222,-0.968750
16360.000000,-0.171875,-0.104688,-0.968750
16370.000000,-0.171875,-0.093750,-0.968750
16380.000000,-0.171875,-0.093750,-0.968750
16390.000000,-0.178125,-0.093750,-0.968750
16400.000000,-0.187500,-0.093750,-0.968750
16410.000000,-0.193750,-0.093750,-0.968750
16420.000000,-0.203125,-0.093750,-0.968750
16430.000000,-0.203125,-0.101562,-0.960938
16440.000000,-0.203125,-0.109375,-0.953125
16450.000000,-0.203125,-0.109375,-0.953125
16460.000000,-0.211806,-0.109375,-0.953125
16470.000000,-0.218750,-0.109375,-0.953125
16480.000000,-0.228125,-0.109375,-0.953125
16490.000000,-0.234375,-0.109375,-0.953125
16500.000000,-0.234375,-0.109375,-0.953125
16510.000000,-0.234375,-0.109375,-0.953125
16520.000000,-0.234375,-0.109375,-0.942187
16530.000000,-0.245312,-0.109375,-0.937500
16540.000000,-0.250000,-0.109375,-0.948438
16550.000000,-0.250000,-0.109375,-0.953125
16560.000000,-0.250000,-0.109375,-0.953125
16570.000000,-0.250000,-0.109375,-0.940625
16580.000000,-0.250000,-0.109375,-0.937500
16590.000000,-0.250000,-0.109375,-0.951562
16600.000000,-0.250000,-0.109375,-0.953125
16610.000000,-0.250000,-0.109375,-0.967187
16620.000000,-0.250000,-0.125000,-0.953125
16630.000000,-0.250000,-0.109375,-0.953125
16640.000000,-0.250000,-0.109375,-0.953125
16650.000000,-0.250000,-0.125000,-0.953125
16660.000000,-0.250000,-0.125000,-0.953125
16670.000000,-0.250000,-0.123438,-0.953125
16680.000000,-0.250000,-0.110937,-0.953125
16690.000000,-0.250000,-0.125000,-0.953125
16700.000000,-0.250000,-0.123264,-0.953125
16710.000000,-0.250000,-0.112500,-0.950000
16720.000000,-0.250000,-0.121875,-0.940625
16730.000000,-0.253472,-0.112847,-0.949653
16740.000000,-0.260937,-0.125000,-0.937500
16750.000000,-0.250000,-0.125000,-0.937500
16760.000000,-0.250000,-0.125000,-0.942187
16770.000000,-0.250000,-0.125000,-0.947917
16780.000000,-0.250000,-0.125000,-0.943750
16790.000000,-0.250000,-0.125000,-0.953125
16800.000000,-0.250000,-0.125000,-0.953125
16810.000000,-0.250000,-0.125000,-0.953125
16820.000000,-0.250000,-0.125000,-0.953125
16830.000000,-0.250000,-0.125000,-0.953125
16840.000000,-0.250000,-0.125000,-0.945312
16850.000000,-0.250000,-0.125000,-0.945312
16860.000000,-0.258681,-0.125000,-0.944444
16870.000000,-0.256250,-0.125000,-0.937500
16880.000000,-0.250000,-0.125000,-0.937500
16890.000000,-0.250000,-0.125000,-0.947917
16900.000000,-0.250000,-0.125000,-0.942187
16910.000000,-0.260937,-0.125000,-0.937500
16920.000000,-0.265625,-0.125000,-0.937500
16930.000000,-0.265625,-0.125000,-0.949653
16940.000000,-0.265625,-0.125000,-0.940625
16950.000000,-0.265625,-0.125000,-0.937500
16960.000000,-0.265625,-0.125000,-0.937500
16970.000000,-0.265625,-0.125000,-0.937500
16980.000000,-0.265625,-0.125000,-0.937500
16990.000000,-0.265625,-0.125000,-0.937500
17000.000000,-0.265625,-0.125000,-0.937500
17010.000000,-0.265625,-0.125000,-0.937500
17020.000000,-0.265625,-0.125000,-0.937500
17030.000000,-0.265625,-0.125000,-0.937500
17040.000000,-0.265625,-0.125000,-0.953125
17050.000000,-0.265625,-0.125000,-0.953125
17060.000000,-0.265625,-0.125000,-0.953125
17070.000000,-0.265625,-0.125000,-0.951562
17080.000000,-0.265625,-0.125000,-0.937500
17090.000000,-0.265625,-0.125000,-0.937500
17100.000000,-0.265625,-0.125000,-0.937500
17110.000000,-0.265625,-0.125000,-0.937500
17120.000000,-0.265625,-0.125000,-0.937500
17130.000000,-0.265625,-0.125000,-0.937500
17140.000000,-0.265625,-0.125000,-0.942187
17150.000000,-0.265625,-0.120313,-0.953125
17160.000000,-0.265625,-0.114062,-0.953125
17170.000000,-0.265625,-0.119792,-0.947917
17180.000000,-0.265625,-0.115625,-0.937500
17190.000000,-0.265625,-0.125000,-0.937500
17200.000000,-0.265625,-0.125000,-0.943750
17210.000000,-0.265625,-0.125000,-0.953125
17220.000000,-0.265625,-0.125000,-0.953125
17230.000000,-0.257812,-0.117188,-0.953125
17240.000000,-0.250000,-0.118056,-0.944444
17250.000000,-0.250000,-0.125000,-0.946875
17260.000000,-0.259375,-0.115625,-0.943750
17270.000000,-0.256250,-0.118750,-0.946875
17280.000000,-0.250000,-0.125000,-0.942708
17290.000000,-0.250000,-0.125000,-0.937500
17300.000000,-0.250000,-0.114062,-0.937500
17310.000000,-0.250000,-0.120313,-0.948438
17320.000000,-0.250000,-0.125000,-0.953125
17330.000000,-0.250000,-0.125000,-0.953125
17340.000000,-0.250000,-0.112500,-0.953125
17350.000000,-0.250000,-0.109375,-0.953125
17360.000000,-0.250000,-0.109375,-0.953125
17370.000000,-0.250000,-0.123264,-0.953125
17380.000000,-0.250000,-0.110937,-0.953125
17390.000000,-0.250000,-0.109375,-0.953125
17400.000000,-0.250000,-0.109375,-0.953125
17410.000000,-0.250000,-0.109375,-0.953125
17420.000000,-0.250000,-0.109375,-0.953125
17430.000000,-0.234375,-0.109375,-0.953125
17440.000000,-0.250000,-0.110937,-0.953125
17450.000000,-0.248438,-0.123438,-0.953125
17460.000000,-0.235937,-0.109375,-0.953125
17470.000000,-0.250000,-0.109375,-0.953125
17480.000000,-0.250000,-0.112500,-0.953125
17490.000000,-0.250000,-0.121875,-0.953125
17500.000000,-0.250000,-0.109375,-0.953125
17510.000000,-0.250000,-0.109375,-0.953125
17520.000000,-0.250000,-0.109375,-0.953125
17530.000000,-0.250000,-0.109375,-0.953125
17540.000000,-0.250000,-0.109375,-0.948438
17550.000000,-0.250000,-0.109375,-0.937500
17560.000000,-0.250000,-0.109375,-0.937500
17570.000000,-0.250000,-0.109375,-0.937500
17580.000000,-0.250000,-0.109375,-0.937500
17590.000000,-0.250000,-0.109375,-0.937500
17600.000000,-0.250000,-0.109375,-0.945312
17610.000000,-0.242188,-0.109375,-0.953125
17620.000000,-0.234375,-0.109375,-0.953125
17630.000000,-0.234375,-0.101562,-0.953125
17640.000000,-0.225694,-0.102431,-0.953125
17650.000000,-0.218750,-0.109375,-0.953125
17660.000000,-0.218750,-0.109375,-0.953125
17670.000000,-0.218750,-0.100000,-0.953125
17680.000000,-0.208333,-0.093750,-0.953125
17690.000000,-0.203125,-0.093750,-0.953125
17700.000000,-0.192188,-0.104688,-0.964063
17710.000000,-0.187500,-0.098437,-0.968750
17720.000000,-0.187500,-0.093750,-0.968750
17730.000000,-0.187500,-0.093750,-0.968750
17740.000000,-0.175000,-0.093750,-0.968750
17750.000000,-0.171875,-0.093750,-0.968750
17760.000000,-0.171875,-0.093750,-0.968750
17770.000000,-0.157812,-0.093750,-0.968750
17780.000000,-0.156250,-0.107813,-0.968750
17790.000000,-0.156250,-0.109375,-0.968750
17800.000000,-0.156250,-0.109375,-0.968750
17810.000000,-0.156250,-0.093750,-0.968750
17820.000000,-0.140625,-0.109375,-0.968750
17830.000000,-0.140625,-0.093750,-0.968750
17840.000000,-0.140625,-0.093750,-0.968750
17850.000000,-0.140625,-0.095312,-0.968750
17860.000000,-0.140625,-0.107813,-0.968750
17870.000000,-0.140625,-0.093750,-0.968750
17880.000000,-0.137500,-0.093750,-0.968750
17890.000000,-0.128472,-0.093750,-0.968750
17900.000000,-0.135937,-0.098437,-0.968750
17910.000000,-0.129688,-0.109375,-0.968750
17920.000000,-0.135937,-0.109375,-0.968750
17930.000000,-0.125000,-0.109375,-0.968750
17940.000000,-0.125000,-0.109375,-0.968750
17950.000000,-0.125000,-0.109375,-0.968750
17960.000000,-0.125000,-0.109375,-0.968750
17970.000000,-0.132812,-0.109375,-0.968750
17980.000000,-0.131944,-0.109375,-0.968750
17990.000000,-0.125000,-0.109375,-0.968750
18000.000000,-0.125000,-0.109375,-0.968750
18010.000000,-0.125000,-0.109375,-0.968750
18020.000000,-0.114583,-0.109375,-0.968750
18030.000000,-0.109375,-0.109375,-0.968750
18040.000000,-0.109375,-0.109375,-0.968750
18050.000000,-0.109375,-0.109375,-0.968750
18060.000000,-0.109375,-0.109375,-0.968750
18070.000000,-0.109375,-0.109375,-0.968750
18080.000000,-0.109375,-0.109375,-0.968750
18090.000000,-0.095312,-0.109375,-0.968750
18100.000000,-0.093750,-0.095312,-0.968750
18110.000000,-0.093750,-0.109375,-0.984375
18120.000000,-0.093750,-0.109375,-0.968750
18130.000000,-0.093750,-0.107813,-0.982812
18140.000000,-0.092188,-0.093750,-0.970313
18150.000000,-0.078125,-0.095486,-0.982639
18160.000000,-0.078125,-0.106250,-0.968750
18170.000000,-0.078125,-0.093750,-0.968750
18180.000000,-0.078125,-0.093750,-0.968750
18190.000000,-0.078125,-0.097222,-0.968750
18200.000000,-0.078125,-0.104688,-0.968750
18210.000000,-0.078125,-0.093750,-0.968750
18220.000000,-0.078125,-0.093750,-0.968750
18230.000000,-0.078125,-0.093750,-0.968750
18240.000000,-0.078125,-0.093750,-0.968750
18250.000000,-0.078125,-0.093750,-0.975694
18260.000000,-0.078125,-0.093750,-0.984375
18270.000000,-0.070312,-0.093750,-0.976562
18280.000000,-0.062500,-0.093750,-0.968750
18290.000000,-0.062500,-0.093750,-0.978125
18300.000000,-0.062500,-0.093750,-0.984375
18310.000000,-0.062500,-0.104688,-0.973437
18320.000000,-0.062500,-0.098437,-0.979688
18330.000000,-0.062500,-0.093750,-0.984375
18340.000000,-0.062500,-0.093750,-0.984375
18350.000000,-0.062500,-0.093750,-0.984375
18360.000000,-0.062500,-0.093750,-0.984375
18370.000000,-0.062500,-0.093750,-0.970486
18380.000000,-0.062500,-0.093750,-0.982812
18390.000000,-0.062500,-0.093750,-0.984375
18400.000000,-0.062500,-0.093750,-0.968750
18410.000000,-0.062500,-0.093750,-0.968750
18420.000000,-0.046875,-0.093750,-0.968750
18430.000000,-0.048438,-0.093750,-0.968750
18440.000000,-0.060937,-0.093750,-0.968750
18450.000000,-0.048611,-0.093750,-0.968750
18460.000000,-0.059375,-0.093750,-0.968750
18470.000000,-0.046875,-0.093750,-0.968750
18480.000000,-0.046875,-0.093750,-0.973437
18490.000000,-0.046875,-0.098437,-0.984375
18500.000000,-0.046875,-0.104688,-0.984375
18510.000000,-0.046875,-0.093750,-0.984375
18520.000000,-0.046875,-0.093750,-0.978125
18530.000000,-0.046875,-0.093750,-0.968750
18540.000000,-0.046875,-0.093750,-0.975694
18550.000000,-0.046875,-0.101562,-0.976562
18560.000000,-0.046875,-0.100694,-0.968750
18570.000000,-0.046875,-0.093750,-0.978125
18580.000000,-0.046875,-0.093750,-0.984375
18590.000000,-0.046875,-0.093750,-0.984375
18600.000000,-0.046875,-0.093750,-0.973958
18610.000000,-0.046875,-0.093750,-0.968750
18620.000000,-0.046875,-0.093750,-0.968750
18630.000000,-0.046875,-0.093750,-0.968750
18640.000000,-0.046875,-0.093750,-0.968750
18650.000000,-0.046875,-0.093750,-0.968750
18660.000000,-0.046875,-0.093750,-0.968750
18670.000000,-0.046875,-0.093750,-0.982812
18680.000000,-0.046875,-0.093750,-0.970313
18690.000000,-0.046875,-0.093750,-0.968750
18700.000000,-0.046875,-0.093750,-0.984375
18710.000000,-0.046875,-0.093750,-0.968750
18720.000000,-0.046875,-0.093750,-0.970313
18730.000000,-0.046875,-0.093750,-0.982812
18740.000000,-0.046875,-0.093750,-0.970486
18750.000000,-0.046875,-0.093750,-0.984375
18760.000000,-0.046875,-0.093750,-0.984375
18770.000000,-0.046875,-0.093750,-0.984375
18780.000000,-0.046875,-0.093750,-0.984375
18790.000000,-0.046875,-0.093750,-0.984375
18800.000000,-0.046875,-0.093750,-0.984375
18810.000000,-0.046875,-0.093750,-0.984375
18820.000000,-0.046875,-0.093750,-0.977431
18830.000000,-0.046875,-0.093750,-0.968750
18840.000000,-0.046875,-0.093750,-0.976562
18850.000000,-0.046875,-0.093750,-0.984375
18860.000000,-0.046875,-0.093750,-0.975694
18870.000000,-0.046875,-0.093750,-0.968750
18880.000000,-0.046875,-0.093750,-0.979167
18890.000000,-0.046875,-0.093750,-0.973437
18900.000000,-0.046875,-0.093750,-0.979688
18910.000000,-0.046875,-0.093750,-0.984375
18920.000000,-0.046875,-0.093750,-0.972222
18930.000000,-0.046875,-0.093750,-0.968750
18940.000000,-0.046875,-0.093750,-0.968750
18950.000000,-0.046875,-0.093750,-0.982639
18960.000000,-0.046875,-0.093750,-0.970313
18970.000000,-0.046875,-0.093750,-0.984375
18980.000000,-0.046875,-0.093750,-0.984375
18990.000000,-0.046875,-0.093750,-0.968750
19000.000000,-0.046875,-0.093750,-0.984375
19010.000000,-0.046875,-0.093750,-0.970313
19020.000000,-0.046875,-0.093750,-0.984375
19030.000000,-0.046875,-0.092014,-0.982639
19040.000000,-0.046875,-0.081250,-0.971875
19050.000000,-0.046875,-0.093750,-0.984375
19060.000000,-0.046875,-0.093750,-0.984375
19070.000000,-0.046875,-0.093750,-0.984375
19080.000000,-0.046875,-0.093750,-0.984375
19090.000000,-0.046875,-0.093750,-0.984375
19100.000000,-0.046875,-0.093750,-0.979688
19110.000000,-0.046875,-0.093750,-0.973958
19120.000000,-0.046875,-0.093750,-0.984375
19130.000000,-0.046875,-0.093750,-0.984375
19140.000000,-0.046875,-0.093750,-0.978125
19150.000000,-0.046875,-0.093750,-0.968750
19160.000000,-0.046875,-0.093750,-0.976562
19170.000000,-0.046875,-0.093750,-0.976562
19180.000000,-0.046875,-0.093750,-0.976562
19190.000000,-0.046875,-0.093750,-0.984375
19200.000000,-0.046875,-0.093750,-0.984375
19210.000000,-0.046875,-0.093750,-0.975000
19220.000000,-0.046875,-0.093750,-0.979167
19230.000000,-0.046875,-0.093750,-0.984375
19240.000000,-0.046875,-0.093750,-0.984375
19250.000000,-0.046875,-0.093750,-0.984375
19260.000000,-0.046875,-0.093750,-0.984375
19270.000000,-0.046875,-0.093750,-0.984375
19280.000000,-0.034375,-0.093750,-0.984375
19290.000000,-0.031250,-0.093750,-0.984375
19300.000000,-0.043750,-0.093750,-0.971875
19310.000000,-0.046875,-0.093750,-0.982639
19320.000000,-0.046875,-0.079687,-0.984375
19330.000000,-0.046875,-0.092188,-0.984375
19340.000000,-0.046875,-0.093750,-0.984375
19350.000000,-0.046875,-0.093750,-0.984375
19360.000000,-0.046875,-0.093750,-0.984375
19370.000000,-0.046875,-0.093750,-0.968750
19380.000000,-0.046875,-0.093750,-0.970313
19390.000000,-0.046875,-0.093750,-0.982812
19400.000000,-0.046875,-0.093750,-0.970313
19410.000000,-0.046875,-0.093750,-0.984375
19420.000000,-0.046875,-0.093750,-0.984375
19430.000000,-0.046875,-0.093750,-0.984375
19440.000000,-0.046875,-0.093750,-0.981250
19450.000000,-0.046875,-0.093750,-0.972222
19460.000000,-0.046875,-0.093750,-0.984375
19470.000000,-0.046875,-0.093750,-0.984375
19480.000000,-0.046875,-0.093750,-0.979688
19490.000000,-0.046875,-0.089063,-0.973437
19500.000000,-0.046875,-0.083333,-0.984375
19510.000000,-0.046875,-0.093750,-0.978125
19520.000000,-0.046875,-0.093750,-0.975000
19530.000000,-0.046875,-0.087500,-0.978125
19540.000000,-0.046875,-0.085069,-0.975694
19550.000000,-0.046875,-0.093750,-0.976562
19560.000000,-0.039062,-0.093750,-0.968750
19570.000000,-0.039931,-0.093750,-0.968750
19580.000000,-0.046875,-0.084375,-0.978125
19590.000000,-0.046875,-0.087500,-0.984375
19600.000000,-0.046875,-0.093750,-0.984375
19610.000000,-0.046875,-0.093750,-0.975000
19620.000000,-0.046875,-0.093750,-0.979167
19630.000000,-0.046875,-0.093750,-0.984375
19640.000000,-0.046875,-0.093750,-0.984375
19650.000000,-0.046875,-0.093750,-0.984375
19660.000000,-0.046875,-0.093750,-0.984375
19670.000000,-0.046875,-0.093750,-0.984375
19680.000000,-0.046875,-0.093750,-0.971875
19690.000000,-0.046875,-0.081250,-0.968750
19700.000000,-0.046875,-0.092014,-0.982639
19710.000000,-0.046875,-0.093750,-0.970313
19720.000000,-0.046875,-0.093750,-0.982812
19730.000000,-0.046875,-0.093750,-0.984375
19740.000000,-0.046875,-0.093750,-0.968750
19750.000000,-0.046875,-0.078125,-0.984375
19760.000000,-0.046875,-0.078125,-0.968750
19770.000000,-0.046875,-0.093750,-0.982812
19780.000000,-0.046875,-0.093750,-0.970313
19790.000000,-0.046875,-0.093750,-0.982812
19800.000000,-0.046875,-0.092188,-0.968750
19810.000000,-0.046875,-0.078125,-0.970486
19820.000000,-0.046875,-0.081250,-0.984375
19830.000000,-0.046875,-0.090625,-0.981250
19840.000000,-0.046875,-0.081250,-0.968750
19850.000000,-0.046875,-0.090278,-0.972222
19860.000000,-0.046875,-0.082812,-0.984375
19870.000000,-0.046875,-0.089063,-0.984375
19880.000000,-0.046875,-0.083333,-0.979167
19890.000000,-0.046875,-0.087500,-0.968750
19900.000000,-0.046875,-0.084375,-0.975000
19910.000000,-0.046875,-0.093750,-0.978125
19920.000000,-0.046875,-0.093750,-0.975694
19930.000000,-0.046875,-0.093750,-0.976562
19940.000000,-0.046875,-0.085938,-0.976562
19950.000000,-0.046875,-0.085938,-0.984375
19960.000000,-0.046875,-0.093750,-0.975694
19970.000000,-0.046875,-0.093750,-0.978125
19980.000000,-0.046875,-0.093750,-0.975000
19990.000000,-0.046875,-0.093750,-0.968750
20000.000000,-0.046875,-0.093750,-0.978125
20010.000000,-0.046875,-0.083333,-0.984375
20020.000000,-0.046875,-0.089063,-0.973437
20030.000000,-0.046875,-0.093750,-0.979688
20040.000000,-0.046875,-0.093750,-0.984375
20050.000000,-0.046875,-0.093750,-0.984375
20060.000000,-0.046875,-0.081250,-0.984375
20070.000000,-0.046875,-0.090625,-0.984375
20080.000000,-0.046875,-0.093750,-0.984375
20090.000000,-0.046875,-0.093750,-0.970313
20100.000000,-0.046875,-0.093750,-0.982812
20110.000000,-0.046875,-0.093750,-0.984375
20120.000000,-0.046875,-0.093750,-0.984375
20130.000000,-0.046875,-0.093750,-0.968750
20140.000000,-0.046875,-0.093750,-0.984375
20150.000000,-0.046875,-0.093750,-0.968750
20160.000000,-0.046875,-0.093750,-0.984375
20170.000000,-0.048438,-0.093750,-0.970313
20180.000000,-0.060937,-0.093750,-0.984375
20190.000000,-0.046875,-0.093750,-0.984375
20200.000000,-0.046875,-0.093750,-0.984375
20210.000000,-0.046875,-0.093750,-0.981250
20220.000000,-0.046875,-0.093750,-0.968750
20230.000000,-0.046875,-0.093750,-0.968750
20240.000000,-0.051562,-0.089063,-0.968750
20250.000000,-0.062500,-0.078125,-0.973437
20260.000000,-0.062500,-0.078125,-0.984375
20270.000000,-0.062500,-0.084375,-0.984375
20280.000000,-0.056250,-0.093750,-0.978125
20290.000000,-0.053819,-0.093750,-0.975694
20300.000000,-0.054688,-0.093750,-0.976562
20310.000000,-0.055556,-0.093750,-0.977431
20320.000000,-0.062500,-0.093750,-0.984375
20330.000000,-0.062500,-0.093750,-0.984375
20340.000000,-0.062500,-0.084375,-0.975000
20350.000000,-0.062500,-0.078125,-0.968750
20360.000000,-0.062500,-0.089063,-0.968750
20370.000000,-0.062500,-0.093750,-0.968750
20380.000000,-0.062500,-0.093750,-0.981250
20390.000000,-0.062500,-0.093750,-0.971875
20400.000000,-0.062500,-0.093750,-0.968750
20410.000000,-0.062500,-0.093750,-0.968750
20420.000000,-0.062500,-0.079687,-0.982812
20430.000000,-0.062500,-0.092188,-0.970313
20440.000000,-0.062500,-0.078125,-0.968750
20450.000000,-0.062500,-0.078125,-0.968750
20460.000000,-0.062500,-0.093750,-0.968750
20470.000000,-0.062500,-0.092188,-0.968750
20480.000000,-0.062500,-0.079861,-0.970486
20490.000000,-0.062500,-0.093750,-0.984375
20500.000000,-0.062500,-0.090625,-0.984375
20510.000000,-0.062500,-0.078125,-0.984375
20520.000000,-0.062500,-0.081597,-0.984375
20530.000000,-0.062500,-0.093750,-0.984375
20540.000000,-0.062500,-0.093750,-0.979167
20550.000000,-0.062500,-0.093750,-0.975000
20560.000000,-0.062500,-0.093750,-0.978125
20570.000000,-0.069444,-0.086806,-0.975694
20580.000000,-0.078125,-0.085938,-0.976562
20590.000000,-0.078125,-0.093750,-0.976562
20600.000000,-0.078125,-0.093750,-0.984375
20610.000000,-0.078125,-0.093750,-0.984375
20620.000000,-0.078125,-0.093750,-0.984375
20630.000000,-0.088542,-0.093750,-0.984375
20640.000000,-0.093750,-0.093750,-0.973437
20650.000000,-0.093750,-0.093750,-0.968750
20660.000000,-0.093750,-0.093750,-0.968750
20670.000000,-0.105903,-0.093750,-0.968750
20680.000000,-0.109375,-0.093750,-0.968750
20690.000000,-0.109375,-0.093750,-0.968750
20700.000000,-0.109375,-0.093750,-0.968750
20710.000000,-0.109375,-0.093750,-0.982812
20720.000000,-0.125000,-0.093750,-0.968750
20730.000000,-0.125000,-0.093750,-0.968750
20740.000000,-0.125000,-0.093750,-0.968750
20750.000000,-0.125000,-0.093750,-0.968750
20760.000000,-0.126562,-0.093750,-0.968750
20770.000000,-0.140625,-0.093750,-0.968750
20780.000000,-0.140625,-0.093750,-0.968750
20790.000000,-0.140625,-0.093750,-0.968750
20800.000000,-0.144097,-0.093750,-0.968750
20810.000000,-0.151562,-0.093750,-0.968750
20820.000000,-0.145313,-0.093750,-0.968750
20830.000000,-0.156250,-0.093750,-0.968750
20840.000000,-0.156250,-0.093750,-0.968750
20850.000000,-0.156250,-0.093750,-0.968750
20860.000000,-0.163194,-0.093750,-0.968750
20870.000000,-0.171875,-0.093750,-0.968750
20880.000000,-0.171875,-0.093750,-0.968750
20890.000000,-0.180556,-0.093750,-0.960069
20900.000000,-0.187500,-0.093750,-0.962500
20910.000000,-0.187500,-0.093750,-0.968750
20920.000000,-0.187500,-0.093750,-0.968750
20930.000000,-0.187500,-0.093750,-0.968750
20940.000000,-0.187500,-0.104688,-0.957812
20950.000000,-0.199653,-0.109375,-0.953125
20960.000000,-0.203125,-0.109375,-0.953125
20970.000000,-0.203125,-0.109375,-0.953125
20980.000000,-0.203125,-0.109375,-0.953125
20990.000000,-0.217188,-0.109375,-0.953125
21000.000000,-0.218750,-0.109375,-0.953125
21010.000000,-0.218750,-0.109375,-0.953125
21020.000000,-0.218750,-0.109375,-0.953125
21030.000000,-0.218750,-0.109375,-0.953125
21040.000000,-0.234375,-0.110937,-0.967187
21050.000000,-0.234375,-0.123438,-0.954688
21060.000000,-0.234375,-0.109375,-0.967014
21070.000000,-0.237500,-0.109375,-0.953125
21080.000000,-0.250000,-0.109375,-0.953125
21090.000000,-0.250000,-0.109375,-0.953125
21100.000000,-0.253472,-0.112847,-0.956597
21110.000000,-0.265625,-0.125000,-0.964063
21120.000000,-0.270833,-0.125000,-0.953125
21130.000000,-0.287500,-0.125000,-0.953125
21140.000000,-0.303125,-0.125000,-0.953125
21150.000000,-0.312500,-0.125000,-0.953125
21160.000000,-0.319444,-0.125000,-0.953125
21170.000000,-0.343750,-0.125000,-0.953125
21180.000000,-0.367188,-0.125000,-0.953125
21190.000000,-0.392361,-0.116319,-0.953125
21200.000000,-0.415625,-0.118750,-0.971875
21210.000000,-0.432292,-0.135417,-0.994792
21220.000000,-0.448437,-0.151562,-1.000000
21230.000000,-0.464062,-0.167187,-1.010938
21240.000000,-0.457813,-0.193750,-1.026563
21250.000000,-0.453125,-0.215278,-1.019097
21260.000000,-0.490625,-0.181250,-0.978125
21270.000000,-0.487500,-0.146875,-0.968750
21280.000000,-0.512153,-0.126736,-0.927083
