0.000000,-0.104167,-0.447917,0.953125
10.000000,-0.093750,-0.425000,0.953125
20.000000,-0.093750,-0.393750,0.940625
30.000000,-0.087500,-0.368750,0.915625
40.000000,-0.078125,-0.359375,0.906250
50.000000,-0.071181,-0.366319,0.920139
60.000000,-0.062500,-0.375000,0.945312
70.000000,-0.062500,-0.375000,0.953125
80.000000,-0.046875,-0.382812,0.953125
90.000000,-0.022569,-0.399306,0.944444
100.000000,-0.006250,-0.396875,0.928125
110.000000,0.000000,-0.362500,0.912500
120.000000,0.000000,-0.302083,0.906250
130.000000,0.000000,-0.259375,0.884375
140.000000,0.000000,-0.228125,0.864062
150.000000,0.000000,-0.196875,0.848437
160.000000,0.000000,-0.138889,0.843750
170.000000,0.025000,-0.100000,0.831250
180.000000,0.056250,-0.056250,0.840625
190.000000,0.087500,-0.034375,0.856250
200.000000,0.106250,-0.018750,0.884375
210.000000,0.109375,0.012153,0.876736
220.000000,0.109375,0.057812,0.846875
230.000000,0.109375,0.062500,0.815625
240.000000,0.123438,0.048438,0.770312
250.000000,0.125000,0.046875,0.750000
260.000000,0.140625,0.031250,0.796875
270.000000,0.187500,0.031250,0.859375
280.000000,0.204687,0.031250,0.889062
290.000000,0.220312,0.028125,0.871875
300.000000,0.235937,-0.001563,0.843750
310.000000,0.251736,-0.015625,0.845486
320.000000,0.262500,-0.015625,0.859375
330.000000,0.246875,-0.012500,0.856250
340.000000,0.234375,0.003125,0.840625
350.000000,0.234375,0.021875,0.815625
360.000000,0.234375,0.050347,0.769097
370.000000,0.239063,0.067187,0.790625
380.000000,0.254688,0.082812,0.817187
390.000000,0.275000,0.098437,0.828125
400.000000,0.302083,0.098958,0.838542
410.000000,0.312500,0.071875,0.859375
420.000000,0.306250,0.062500,0.859375
430.000000,0.296875,0.062500,0.853125
440.000000,0.296875,0.062500,0.836806
450.000000,0.304688,0.078125,0.820312
460.000000,0.312500,0.101562,0.796875
470.000000,0.321181,0.109375,0.789931
480.000000,0.328125,0.109375,0.806250
490.000000,0.346875,0.100000,0.821875
500.000000,0.368750,0.084375,0.846875
510.000000,0.375000,0.057292,0.869792
520.000000,0.375000,0.046875,0.853125
530.000000,0.375000,0.046875,0.810937
540.000000,0.385937,0.057813,0.775000
550.000000,0.401562,0.062500,0.754687
560.000000,0.430556,0.074653,0.750000
570.000000,0.450000,0.128125,0.725000
580.000000,0.465625,0.178125,0.706250
590.000000,0.468750,0.212500,0.703125
600.000000,0.482639,0.232639,0.675347
610.000000,0.498437,0.234375,0.671875
620.000000,0.485938,0.220312,0.685937
630.000000,0.500000,0.234375,0.687500
640.000000,0.500000,0.250000,0.687500
650.000000,0.500000,0.265625,0.671875
660.000000,0.515625,0.281250,0.640625
670.000000,0.532813,0.279687,0.612500
680.000000,0.548438,0.265625,0.640625
690.000000,0.560937,0.264062,0.642188
700.000000,0.545312,0.246875,0.660937
710.000000,0.531250,0.218750,0.708333
720.000000,0.528125,0.221875,0.743750
730.000000,0.512500,0.237500,0.715625
740.000000,0.500000,0.253125,0.696875
750.000000,0.500000,0.276042,0.668403
760.000000,0.504687,0.321875,0.642188
770.000000,0.515625,0.353125,0.604688
780.000000,0.526042,0.369792,0.598958
790.000000,0.553125,0.359375,0.615625
800.000000,0.562500,0.346875,0.637500
810.000000,0.575000,0.315625,0.656250
820.000000,0.593750,0.296875,0.656250
830.000000,0.593750,0.312500,0.656250
840.000000,0.593750,0.335938,0.648438
850.000000,0.593750,0.343750,0.632812
860.000000,0.585938,0.335938,0.617188
870.000000,0.569444,0.319444,0.609375
880.000000,0.553125,0.293750,0.618750
890.000000,0.546875,0.271875,0.634375
900.000000,0.537500,0.265625,0.640625
910.000000,0.531250,0.265625,0.651042
920.000000,0.542188,0.265625,0.656250
930.000000,0.546875,0.276562,0.656250
940.000000,0.559028,0.293403,0.668403
950.000000,0.562500,0.296875,0.671875
960.000000,0.562500,0.284375,0.659375
970.000000,0.550000,0.256250,0.668750
980.000000,0.546875,0.222222,0.671875
990.000000,0.546875,0.204687,0.685937
1000.000000,0.546875,0.203125,0.715625
1010.000000,0.532813,0.217188,0.704688
1020.000000,0.515625,0.234375,0.718750
1030.000000,0.515625,0.234375,0.718750
1040.000000,0.515625,0.234375,0.687500
1050.000000,0.515625,0.218750,0.671875
1060.000000,0.515625,0.187500,0.703125
1070.000000,0.514062,0.171875,0.720313
1080.000000,0.501563,0.171875,0.734375
1090.000000,0.515625,0.173437,0.734375
1100.000000,0.513889,0.189236,0.730903
1110.000000,0.500000,0.206250,0.700000
1120.000000,0.500000,0.221875,0.687500
1130.000000,0.496528,0.234375,0.684028
1140.000000,0.484375,0.234375,0.681250
1150.000000,0.484375,0.229687,0.707812
1160.000000,0.484375,0.209375,0.718750
1170.000000,0.479167,0.182292,0.723958
1180.000000,0.462500,0.171875,0.734375
1190.000000,0.459375,0.165625,0.734375
1200.000000,0.468750,0.162500,0.728125
1210.000000,0.462500,0.171875,0.712500
1220.000000,0.446181,0.171875,0.710069
1230.000000,0.429688,0.187500,0.687500
1240.000000,0.421875,0.210938,0.664062
1250.000000,0.414062,0.218750,0.695312
1260.000000,0.406250,0.201389,0.736111
1270.000000,0.415625,0.168750,0.750000
1280.000000,0.403125,0.137500,0.759375
1290.000000,0.380208,0.114583,0.765625
1300.000000,0.364063,0.109375,0.754687
1310.000000,0.337500,0.120313,0.771875
1320.000000,0.339062,0.114062,0.814063
1330.000000,0.368056,0.109375,0.852431
1340.000000,0.375000,0.096875,0.846875
1350.000000,0.375000,0.081250,0.843750
1360.000000,0.362500,0.040625,0.856250
1370.000000,0.346875,0.018750,0.859375
1380.000000,0.315972,0.001736,0.817708
1390.000000,0.298438,0.000000,0.798438
1400.000000,0.254688,0.000000,0.810937
1410.000000,0.235937,0.014063,0.826562
1420.000000,0.265625,0.000000,0.875000
1430.000000,0.265625,-0.015625,0.890625
1440.000000,0.296875,-0.062500,0.921875
1450.000000,0.310937,-0.076563,1.012500
1460.000000,0.296875,-0.060937,0.975000
1470.000000,0.293750,-0.048438,0.889062
1480.000000,0.260417,-0.067708,0.876736
1490.000000,0.209375,-0.118750,0.890625
1500.000000,0.162500,-0.165625,0.884375
1510.000000,0.118750,-0.203125,0.846875
1520.000000,0.093750,-0.199653,0.793403
1530.000000,0.103125,-0.173437,0.795312
1540.000000,0.129688,-0.126562,0.851562
1550.000000,0.150000,-0.079687,0.915625
1560.000000,0.176563,-0.032813,0.942187
1570.000000,0.187500,0.010417,0.937500
1580.000000,0.175000,0.031250,0.881250
1590.000000,0.137500,0.012500,0.837500
1600.000000,0.096875,-0.034375,0.821875
1610.000000,0.078125,-0.083333,0.812500
1620.000000,0.085938,-0.125000,0.820312
1630.000000,0.093750,-0.132812,0.851562
1640.000000,0.119792,-0.116319,0.918403
1650.000000,0.159375,-0.090625,0.971875
1660.000000,0.181250,-0.059375,1.003125
1670.000000,0.168750,-0.075000,1.006250
1680.000000,0.128125,-0.121875,0.981250
1690.000000,0.067708,-0.182292,0.947917
1700.000000,0.014062,-0.235937,0.915625
1710.000000,-0.010938,-0.271875,0.884375
1720.000000,-0.004687,-0.281250,0.864062
1730.000000,0.012153,-0.293403,0.859375
1740.000000,0.028125,-0.271875,0.909375
1750.000000,0.031250,-0.215625,0.971875
1760.000000,0.031250,-0.153125,1.009375
1770.000000,0.017361,-0.126736,1.015625
1780.000000,-0.026562,-0.153125,1.001562
1790.000000,-0.059375,-0.226562,0.985938
1800.000000,-0.093750,-0.281250,0.937500
1810.000000,-0.125000,-0.328125,0.890625
1820.000000,-0.125000,-0.328125,0.859375
1830.000000,-0.125000,-0.328125,0.859375
1840.000000,-0.107813,-0.309375,0.860938
1850.000000,-0.092188,-0.279687,0.878125
1860.000000,-0.076563,-0.262500,0.907813
1870.000000,-0.059375,-0.231250,0.921875
1880.000000,-0.031250,-0.206597,0.923611
1890.000000,-0.037500,-0.240625,0.937500
1900.000000,-0.068750,-0.275000,0.934375
1910.000000,-0.100000,-0.318750,0.918750
1920.000000,-0.125000,-0.347222,0.899306
1930.000000,-0.120313,-0.364063,0.870313
1940.000000,-0.109375,-0.365625,0.854688
1950.000000,-0.104167,-0.338542,0.843750
1960.000000,-0.093750,-0.315625,0.856250
1970.000000,-0.087500,-0.296875,0.887500
1980.000000,-0.071875,-0.296875,0.925000
1990.000000,-0.069444,-0.296875,0.960069
2000.000000,-0.085938,-0.304688,0.976562
2010.000000,-0.101562,-0.312500,0.968750
2020.000000,-0.109375,-0.312500,0.929688
2030.000000,-0.109375,-0.312500,0.888889
2040.000000,-0.118750,-0.312500,0.865625
2050.000000,-0.125000,-0.312500,0.850000
2060.000000,-0.125000,-0.312500,0.843750
2070.000000,-0.134375,-0.312500,0.843750
2080.000000,-0.140625,-0.312500,0.843750
2090.000000,-0.140625,-0.323437,0.854688
2100.000000,-0.140625,-0.328125,0.870313
2110.000000,-0.129688,-0.339062,0.885938
2120.000000,-0.125000,-0.343750,0.902778
2130.000000,-0.137500,-0.343750,0.931250
2140.000000,-0.165625,-0.343750,0.950000
2150.000000,-0.199653,-0.357639,0.953125
2160.000000,-0.231250,-0.387500,0.939063
2170.000000,-0.248438,-0.418750,0.923438
2180.000000,-0.250000,-0.435937,0.921875
2190.000000,-0.250000,-0.451562,0.921875
2200.000000,-0.250000,-0.484375,0.953125
2210.000000,-0.234375,-0.468750,0.953125
2220.000000,-0.234375,-0.468750,0.953125
2230.000000,-0.218750,-0.453125,0.937500
2240.000000,-0.234375,-0.435937,0.918750
2250.000000,-0.234375,-0.420312,0.887500
2260.000000,-0.234375,-0.404687,0.857812
2270.000000,-0.232639,-0.387153,0.842014
2280.000000,-0.218750,-0.356250,0.825000
2290.000000,-0.215625,-0.340625,0.812500
2300.000000,-0.203125,-0.324653,0.812500
2310.000000,-0.203125,-0.303125,0.807813
2320.000000,-0.207813,-0.281250,0.796875
2330.000000,-0.218750,-0.281250,0.796875
2340.000000,-0.218750,-0.286458,0.796875
2350.000000,-0.218750,-0.303125,0.803125
2360.000000,-0.218750,-0.318750,0.818750
2370.000000,-0.212500,-0.340625,0.840625
2380.000000,-0.203125,-0.359375,0.865625
2390.000000,-0.203125,-0.373264,0.888889
2400.000000,-0.210938,-0.390625,0.914062
2410.000000,-0.226562,-0.390625,0.921875
2420.000000,-0.234375,-0.398438,0.921875
2430.000000,-0.243056,-0.406250,0.913194
2440.000000,-0.250000,-0.406250,0.896875
2450.000000,-0.250000,-0.406250,0.890625
2460.000000,-0.239583,-0.406250,0.880208
2470.000000,-0.234375,-0.406250,0.875000
2480.000000,-0.223438,-0.395313,0.875000
2490.000000,-0.207813,-0.390625,0.875000
2500.000000,-0.203125,-0.390625,0.862847
2510.000000,-0.203125,-0.390625,0.846875
2520.000000,-0.203125,-0.378125,0.843750
2530.000000,-0.203125,-0.375000,0.843750
2540.000000,-0.203125,-0.375000,0.829861
2550.000000,-0.217188,-0.389062,0.828125
2560.000000,-0.218750,-0.390625,0.856250
2570.000000,-0.218750,-0.390625,0.859375
2580.000000,-0.218750,-0.390625,0.859375
2590.000000,-0.218750,-0.390625,0.859375
2600.000000,-0.218750,-0.390625,0.859375
2610.000000,-0.203125,-0.375000,0.859375
2620.000000,-0.203125,-0.359375,0.859375
2630.000000,-0.217188,-0.359375,0.859375
2640.000000,-0.203125,-0.357812,0.860938
2650.000000,-0.201389,-0.343750,0.875000
2660.000000,-0.187500,-0.346875,0.878125
2670.000000,-0.187500,-0.362500,0.893750
2680.000000,-0.184375,-0.378125,0.906250
2690.000000,-0.171875,-0.390625,0.909722
2700.000000,-0.176563,-0.390625,0.921875
2710.000000,-0.187500,-0.395313,0.921875
2720.000000,-0.187500,-0.406250,0.917188
2730.000000,-0.187500,-0.406250,0.906250
2740.000000,-0.187500,-0.401042,0.906250
2750.000000,-0.181250,-0.390625,0.912500
2760.000000,-0.171875,-0.396875,0.921875
2770.000000,-0.171875,-0.400000,0.928125
2780.000000,-0.164931,-0.397569,0.937500
2790.000000,-0.156250,-0.406250,0.953125
2800.000000,-0.156250,-0.414931,0.977431
2810.000000,-0.156250,-0.421875,0.984375
2820.000000,-0.156250,-0.412500,0.993750
2830.000000,-0.156250,-0.415625,1.000000
2840.000000,-0.156250,-0.432292,0.989583
2850.000000,-0.156250,-0.437500,0.973437
2860.000000,-0.156250,-0.437500,0.957812
2870.000000,-0.144097,-0.437500,0.928819
2880.000000,-0.140625,-0.412500,0.909375
2890.000000,-0.140625,-0.406250,0.892361
2900.000000,-0.112500,-0.392188,0.904687
2910.000000,-0.095312,-0.362500,0.906250
2920.000000,-0.079687,-0.345313,0.906250
2930.000000,-0.062500,-0.343750,0.906250
2940.000000,-0.046875,-0.312500,0.906250
2950.000000,-0.046875,-0.278125,0.907813
2960.000000,-0.046875,-0.250000,0.921875
2970.000000,-0.046875,-0.248264,0.920139
2980.000000,-0.050000,-0.231250,0.903125
2990.000000,-0.062500,-0.218750,0.887500
3000.000000,-0.062500,-0.218750,0.871528
3010.000000,-0.057813,-0.223438,0.854688
3020.000000,-0.037500,-0.229687,0.853125
3030.000000,-0.010417,-0.213542,0.875000
3040.000000,0.012500,-0.190625,0.875000
3050.000000,0.043750,-0.165625,0.881250
3060.000000,0.068750,-0.143750,0.903125
3070.000000,0.078125,-0.104167,0.928819
3080.000000,0.078125,-0.054688,0.929688
3090.000000,0.078125,-0.031250,0.906250
3100.000000,0.086806,-0.039931,0.881944
3110.000000,0.093750,-0.075000,0.865625
3120.000000,0.083333,-0.093750,0.859375
3130.000000,0.078125,-0.093750,0.870313
3140.000000,0.089063,-0.082812,0.864062
3150.000000,0.105903,-0.065972,0.859375
3160.000000,0.121875,-0.050000,0.859375
3170.000000,0.150000,-0.046875,0.871875
3180.000000,0.170139,-0.019097,0.875000
3190.000000,0.171875,-0.029687,0.889062
3200.000000,0.171875,-0.031250,0.862500
3210.000000,0.185938,-0.017188,0.859375
3220.000000,0.203125,0.000000,0.843750
3230.000000,0.218750,0.015625,0.812500
3240.000000,0.218750,0.046875,0.796875
3250.000000,0.234375,0.046875,0.814063
3260.000000,0.237500,0.043750,0.829688
3270.000000,0.267361,0.015625,0.847222
3280.000000,0.278125,0.015625,0.878125
3290.000000,0.265625,0.012153,0.887153
3300.000000,0.260937,-0.004688,0.870313
3310.000000,0.250000,-0.015625,0.850000
3320.000000,0.250000,-0.020833,0.828125
3330.000000,0.256250,-0.031250,0.828125
3340.000000,0.265625,-0.018750,0.828125
3350.000000,0.272569,0.020833,0.821181
3360.000000,0.296875,0.062500,0.804688
3370.000000,0.320312,0.085938,0.804688
3380.000000,0.328125,0.085938,0.820312
3390.000000,0.328125,0.078125,0.836806
3400.000000,0.328125,0.068750,0.853125
3410.000000,0.337500,0.053125,0.859375
3420.000000,0.343750,0.046875,0.848958
3430.000000,0.343750,0.057813,0.843750
3440.000000,0.343750,0.062500,0.831597
3450.000000,0.356250,0.062500,0.815625
3460.000000,0.359375,0.075000,0.812500
3470.000000,0.373264,0.078125,0.812500
3480.000000,0.389062,0.078125,0.826562
3490.000000,0.390625,0.078125,0.814063
3500.000000,0.390625,0.078125,0.828125
3510.000000,0.390625,0.078125,0.843750
3520.000000,0.375000,0.062500,0.812500
3530.000000,0.375000,0.062500,0.781250
3540.000000,0.375000,0.079687,0.767188
3550.000000,0.376563,0.096875,0.781250
3560.000000,0.394097,0.126736,0.777778
3570.000000,0.428125,0.140625,0.750000
3580.000000,0.453125,0.140625,0.753125
3590.000000,0.453125,0.137153,0.772569
3600.000000,0.457813,0.125000,0.796875
3610.000000,0.463542,0.125000,0.786458
3620.000000,0.446875,0.131250,0.746875
3630.000000,0.437500,0.146875,0.712500
3640.000000,0.430556,0.170139,0.710069
3650.000000,0.437500,0.195312,0.710938
3660.000000,0.468750,0.210938,0.695312
3670.000000,0.484375,0.218750,0.687500
3680.000000,0.493750,0.200000,0.715625
3690.000000,0.500000,0.178125,0.753125
3700.000000,0.500000,0.162500,0.775000
3710.000000,0.489583,0.166667,0.760417
3720.000000,0.484375,0.171875,0.739062
3730.000000,0.473438,0.182812,0.723437
3740.000000,0.468750,0.187500,0.718750
3750.000000,0.481250,0.212500,0.718750
3760.000000,0.496875,0.231250,0.693750
3770.000000,0.500000,0.234375,0.701389
3780.000000,0.514062,0.206250,0.745313
3790.000000,0.515625,0.187500,0.765625
3800.000000,0.500000,0.156250,0.765625
3810.000000,0.500000,0.171875,0.734375
3820.000000,0.482812,0.189062,0.718750
3830.000000,0.468750,0.204687,0.717187
3840.000000,0.470313,0.217188,0.704688
3850.000000,0.484375,0.203125,0.718750
3860.000000,0.484375,0.196875,0.721875
3870.000000,0.484375,0.168750,0.740625
3880.000000,0.484375,0.152778,0.765625
3890.000000,0.479687,0.140625,0.765625
3900.000000,0.468750,0.140625,0.765625
3910.000000,0.463542,0.145833,0.765625
3920.000000,0.453125,0.156250,0.759375
3930.000000,0.453125,0.162500,0.750000
3940.000000,0.453125,0.171875,0.756944
3950.000000,0.453125,0.156250,0.773438
3960.000000,0.453125,0.125000,0.796875
3970.000000,0.445312,0.101562,0.820312
3980.000000,0.437500,0.085069,0.828125
3990.000000,0.428125,0.068750,0.818750
4000.000000,0.412500,0.071875,0.803125
4010.000000,0.406250,0.078125,0.786458
4020.000000,0.395313,0.089063,0.781250
4030.000000,0.401562,0.104688,0.781250
4040.000000,0.406250,0.120313,0.781250
4050.000000,0.417187,0.114062,0.792188
4060.000000,0.421875,0.109375,0.809028
4070.000000,0.421875,0.096875,0.812500
4080.000000,0.421875,0.093750,0.812500
4090.000000,0.407986,0.107639,0.798611
4100.000000,0.392188,0.109375,0.768750
4110.000000,0.390625,0.109375,0.751563
4120.000000,0.376563,0.123438,0.750000
4130.000000,0.375000,0.140625,0.734375
4140.000000,0.375000,0.156250,0.718750
4150.000000,0.375000,0.156250,0.718750
4160.000000,0.390625,0.156250,0.734375
4170.000000,0.390625,0.140625,0.734375
4180.000000,0.373437,0.140625,0.750000
4190.000000,0.359375,0.142187,0.748437
4200.000000,0.359375,0.156250,0.737847
4210.000000,0.359375,0.156250,0.768750
4220.000000,0.362500,0.156250,0.790625
4230.000000,0.375000,0.150000,0.831250
4240.000000,0.371875,0.118750,0.846875
4250.000000,0.355903,0.086806,0.862847
4260.000000,0.339062,0.048438,0.870313
4270.000000,0.318750,0.006250,0.859375
4280.000000,0.292187,-0.015625,0.845313
4290.000000,0.270833,-0.015625,0.807292
4300.000000,0.243750,-0.009375,0.796875
4310.000000,0.228125,0.000000,0.796875
4320.000000,0.218750,0.006944,0.803819
4330.000000,0.218750,0.023438,0.820312
4340.000000,0.218750,0.023438,0.828125
4350.000000,0.226562,-0.007812,0.828125
4360.000000,0.234375,-0.046875,0.835938
4370.000000,0.225694,-0.088542,0.852431
4380.000000,0.209375,-0.109375,0.878125
4390.000000,0.184375,-0.100000,0.909375
4400.000000,0.171875,-0.093750,0.921875
4410.000000,0.171875,-0.093750,0.932813
4420.000000,0.150000,-0.104688,0.926562
4430.000000,0.129688,-0.120313,0.943750
4440.000000,0.100694,-0.137153,0.953125
4450.000000,0.093750,-0.190625,0.940625
4460.000000,0.068750,-0.240625,0.937500
4470.000000,0.050000,-0.275000,0.925000
4480.000000,0.046875,-0.293750,0.921875
4490.000000,0.032986,-0.282986,0.921875
4500.000000,0.031250,-0.253125,0.950000
4510.000000,0.045312,-0.235937,0.981250
4520.000000,0.046875,-0.203125,0.984375
4530.000000,0.031250,-0.156250,0.984375
4540.000000,0.015625,-0.109375,0.937500
4550.000000,0.000000,-0.093750,0.937500
4560.000000,0.000000,-0.125000,0.921875
4570.000000,-0.001563,-0.173437,0.901563
4580.000000,-0.012500,-0.192188,0.860938
4590.000000,0.015625,-0.235937,0.878125
4600.000000,0.013889,-0.248264,0.909722
4610.000000,0.003125,-0.231250,0.934375
4620.000000,0.015625,-0.218750,0.918750
4630.000000,0.012153,-0.218750,0.906250
4640.000000,0.000000,-0.228125,0.901563
4650.000000,0.000000,-0.250000,0.881250
4660.000000,0.000000,-0.254688,0.854688
4670.000000,0.004688,-0.265625,0.848437
4680.000000,0.015625,-0.255208,0.864583
4690.000000,0.021875,-0.228125,0.893750
4700.000000,0.031250,-0.212500,0.928125
4710.000000,0.024306,-0.196181,0.923611
4720.000000,0.007812,-0.195312,0.898438
4730.000000,-0.023438,-0.210938,0.890625
4740.000000,-0.054688,-0.242188,0.898438
4750.000000,-0.078125,-0.289062,0.906250
4760.000000,-0.085069,-0.321181,0.906250
4770.000000,-0.059375,-0.346875,0.887500
4780.000000,-0.046875,-0.359375,0.893750
4790.000000,-0.046875,-0.350000,0.925000
4800.000000,-0.067708,-0.322917,0.947917
4810.000000,-0.100000,-0.301563,0.953125
4820.000000,-0.120313,-0.296875,0.931250
4830.000000,-0.149306,-0.309028,0.909722
4840.000000,-0.143750,-0.337500,0.893750
4850.000000,-0.128125,-0.368750,0.903125
4860.000000,-0.100000,-0.400000,0.918750
4870.000000,-0.068750,-0.406250,0.921875
4880.000000,-0.048611,-0.392361,0.921875
4890.000000,-0.060937,-0.390625,0.893750
4900.000000,-0.076563,-0.376563,0.876563
4910.000000,-0.140625,-0.375000,0.875000
4920.000000,-0.187500,-0.359375,0.875000
4930.000000,-0.234375,-0.343750,0.859375
4940.000000,-0.234375,-0.343750,0.843750
4950.000000,-0.217188,-0.342187,0.843750
4960.000000,-0.200000,-0.328125,0.845313
4970.000000,-0.171875,-0.326562,0.860938
4980.000000,-0.170313,-0.314063,0.875000
4990.000000,-0.157986,-0.329861,0.873264
5000.000000,-0.175000,-0.350000,0.859375
5010.000000,-0.193750,-0.378125,0.859375
5020.000000,-0.222222,-0.394097,0.859375
5030.000000,-0.234375,-0.410938,0.859375
5040.000000,-0.229687,-0.421875,0.859375
5050.000000,-0.218750,-0.417187,0.859375
5060.000000,-0.218750,-0.401562,0.859375
5070.000000,-0.218750,-0.390625,0.864583
5080.000000,-0.218750,-0.390625,0.875000
5090.000000,-0.218750,-0.396875,0.881250
5100.000000,-0.218750,-0.420139,0.890625
5110.000000,-0.226562,-0.445312,0.906250
5120.000000,-0.234375,-0.460938,0.929688
5130.000000,-0.234375,-0.460938,0.937500
5140.000000,-0.243056,-0.453125,0.937500
5150.000000,-0.240625,-0.453125,0.928125
5160.000000,-0.234375,-0.453125,0.912500
5170.000000,-0.234375,-0.453125,0.896875
5180.000000,-0.234375,-0.443750,0.890625
5190.000000,-0.234375,-0.416667,0.890625
5200.000000,-0.245312,-0.384375,0.868750
5210.000000,-0.250000,-0.353125,0.837500
5220.000000,-0.250000,-0.331597,0.803819
5230.000000,-0.250000,-0.315625,0.784375
5240.000000,-0.250000,-0.300000,0.781250
5250.000000,-0.250000,-0.309375,0.781250
5260.000000,-0.250000,-0.312500,0.793750
5270.000000,-0.250000,-0.340278,0.824653
5280.000000,-0.250000,-0.357812,0.842187
5290.000000,-0.264062,-0.373437,0.857812
5300.000000,-0.265625,-0.389062,0.859375
5310.000000,-0.281250,-0.406250,0.859375
5320.000000,-0.281250,-0.406250,0.875000
5330.000000,-0.312500,-0.406250,0.875000
5340.000000,-0.298438,-0.406250,0.875000
5350.000000,-0.310937,-0.406250,0.875000
5360.000000,-0.295312,-0.407813,0.875000
5370.000000,-0.279687,-0.423438,0.873437
5380.000000,-0.262153,-0.439236,0.855903
5390.000000,-0.228125,-0.456250,0.825000
5400.000000,-0.203125,-0.465625,0.812500
5410.000000,-0.203125,-0.449653,0.812500
5420.000000,-0.207813,-0.432812,0.817187
5430.000000,-0.218750,-0.417187,0.828125
5440.000000,-0.218750,-0.396875,0.828125
5450.000000,-0.223958,-0.369792,0.828125
5460.000000,-0.228125,-0.365625,0.834375
5470.000000,-0.212500,-0.368750,0.856250
5480.000000,-0.215625,-0.353125,0.881250
5490.000000,-0.240625,-0.343750,0.890625
5500.000000,-0.250000,-0.350694,0.883681
5510.000000,-0.234375,-0.390625,0.859375
5520.000000,-0.210938,-0.445312,0.835938
5530.000000,-0.185764,-0.468750,0.828125
5540.000000,-0.171875,-0.459375,0.818750
5550.000000,-0.171875,-0.434375,0.812500
5560.000000,-0.181250,-0.403125,0.812500
5570.000000,-0.196875,-0.381250,0.812500
5580.000000,-0.203125,-0.364583,0.812500
5590.000000,-0.203125,-0.348438,0.801562
5600.000000,-0.203125,-0.343750,0.807813
5610.000000,-0.192188,-0.354687,0.823438
5620.000000,-0.175347,-0.371528,0.840278
5630.000000,-0.171875,-0.375000,0.856250
5640.000000,-0.159375,-0.375000,0.859375
5650.000000,-0.142361,-0.388889,0.859375
5660.000000,-0.140625,-0.390625,0.873437
5670.000000,-0.140625,-0.376563,0.875000
5680.000000,-0.140625,-0.360938,0.875000
5690.000000,-0.140625,-0.345313,0.875000
5700.000000,-0.156250,-0.343750,0.875000
5710.000000,-0.156250,-0.343750,0.859375
5720.000000,-0.156250,-0.359375,0.843750
5730.000000,-0.140625,-0.392188,0.859375
5740.000000,-0.140625,-0.410938,0.860938
5750.000000,-0.142187,-0.454688,0.875000
5760.000000,-0.154688,-0.468750,0.875000
5770.000000,-0.142361,-0.467014,0.873264
5780.000000,-0.159375,-0.450000,0.859375
5790.000000,-0.171875,-0.437500,0.853125
5800.000000,-0.171875,-0.434375,0.828125
5810.000000,-0.175347,-0.421875,0.828125
5820.000000,-0.187500,-0.426563,0.828125
5830.000000,-0.192188,-0.442188,0.837500
5840.000000,-0.208333,-0.463542,0.875000
5850.000000,-0.206250,-0.490625,0.931250
5860.000000,-0.168750,-0.506250,0.981250
5870.000000,-0.140625,-0.528125,1.012500
5880.000000,-0.153125,-0.553125,1.037500
5890.000000,-0.185764,-0.562500,1.032986
5900.000000,-0.210938,-0.578125,0.992188
5910.000000,-0.218750,-0.609375,0.953125
5920.000000,-0.218750,-0.642361,0.928819
5930.000000,-0.218750,-0.646875,0.921875
5940.000000,-0.228125,-0.621875,0.921875
5950.000000,-0.225000,-0.581250,0.931250
5960.000000,-0.208333,-0.531250,0.927083
5970.000000,-0.203125,-0.493750,0.932813
5980.000000,-0.214062,-0.473438,0.937500
5990.000000,-0.218750,-0.446875,0.915625
6000.000000,-0.218750,-0.426563,0.884375
6010.000000,-0.206597,-0.409722,0.862847
6020.000000,-0.203125,-0.406250,0.859375
6030.000000,-0.190625,-0.393750,0.846875
6040.000000,-0.159722,-0.376736,0.829861
6050.000000,-0.142187,-0.346875,0.814063
6060.000000,-0.126562,-0.301563,0.798438
6070.000000,-0.082813,-0.268750,0.810937
6080.000000,-0.050000,-0.251563,0.840625
6090.000000,-0.015625,-0.250000,0.875000
6100.000000,0.000000,-0.265625,0.906250
6110.000000,0.000000,-0.281250,0.921875
6120.000000,0.000000,-0.296875,0.889062
6130.000000,0.000000,-0.296875,0.873437
6140.000000,-0.001563,-0.293750,0.857812
6150.000000,-0.013889,-0.262153,0.840278
6160.000000,0.003125,-0.221875,0.815625
6170.000000,0.021875,-0.165625,0.834375
6180.000000,0.053125,-0.137500,0.868750
6190.000000,0.084375,-0.121875,0.912500
6200.000000,0.109375,-0.112847,0.937500
6210.000000,0.109375,-0.129688,0.932813
6220.000000,0.109375,-0.145313,0.921875
6230.000000,0.104167,-0.161458,0.916667
6240.000000,0.081250,-0.171875,0.893750
6250.000000,0.068750,-0.159375,0.862500
6260.000000,0.078125,-0.121875,0.825000
6270.000000,0.084375,-0.075000,0.784375
6280.000000,0.100694,-0.026042,0.765625
6290.000000,0.125000,0.023438,0.765625
6300.000000,0.148438,0.054688,0.773438
6310.000000,0.171875,0.062500,0.796875
6320.000000,0.196181,0.062500,0.821181
6330.000000,0.203125,0.053125,0.828125
6340.000000,0.203125,0.037500,0.818750
6350.000000,0.192708,0.010417,0.822917
6360.000000,0.187500,0.000000,0.828125
6370.000000,0.187500,-0.010938,0.828125
6380.000000,0.187500,-0.004687,0.828125
6390.000000,0.198437,0.021875,0.828125
6400.000000,0.215278,0.055556,0.815972
6410.000000,0.218750,0.075000,0.825000
6420.000000,0.218750,0.090625,0.840625
6430.000000,0.218750,0.093750,0.857639
6440.000000,0.218750,0.079687,0.873437
6450.000000,0.232813,0.035938,0.889062
6460.000000,0.220312,0.003125,0.904687
6470.000000,0.234375,-0.046875,0.921875
6480.000000,0.234375,-0.078125,0.953125
6490.000000,0.218750,-0.109375,0.968750
6500.000000,0.218750,-0.125000,0.968750
6510.000000,0.218750,-0.093750,0.968750
6520.000000,0.201563,-0.057813,0.967187
6530.000000,0.185938,-0.014063,0.953125
6540.000000,0.171875,0.001736,0.953125
6550.000000,0.171875,0.012500,0.950000
6560.000000,0.175000,-0.006250,0.934375
6570.000000,0.193750,-0.037500,0.921875
6580.000000,0.221875,-0.065625,0.915625
6590.000000,0.237847,-0.074653,0.890625
6600.000000,0.250000,-0.057813,0.885938
6610.000000,0.254688,-0.042188,0.875000
6620.000000,0.265625,-0.026562,0.879687
6630.000000,0.270833,-0.010417,0.885417
6640.000000,0.281250,0.000000,0.868750
6650.000000,0.281250,0.000000,0.853125
6660.000000,0.281250,-0.006944,0.843750
6670.000000,0.289062,-0.015625,0.835938
6680.000000,0.296875,-0.015625,0.835938
6690.000000,0.304688,-0.007812,0.843750
6700.000000,0.320312,0.007812,0.835938
6710.000000,0.328125,0.032986,0.828125
6720.000000,0.328125,0.065625,0.828125
6730.000000,0.328125,0.096875,0.818750
6740.000000,0.328125,0.119792,0.791667
6750.000000,0.339062,0.114062,0.781250
6760.000000,0.343750,0.109375,0.781250
6770.000000,0.343750,0.109375,0.792188
6780.000000,0.354687,0.109375,0.785937
6790.000000,0.371528,0.121528,0.781250
6800.000000,0.387500,0.137500,0.781250
6810.000000,0.403125,0.140625,0.793750
6820.000000,0.406250,0.153125,0.784375
6830.000000,0.406250,0.156250,0.795139
6840.000000,0.392188,0.156250,0.782813
6850.000000,0.376563,0.142187,0.781250
6860.000000,0.375000,0.109375,0.796875
6870.000000,0.375000,0.093750,0.781250
6880.000000,0.375000,0.093750,0.796875
6890.000000,0.390625,0.109375,0.796875
6900.000000,0.406250,0.125000,0.781250
6910.000000,0.390625,0.106250,0.782813
6920.000000,0.390625,0.078125,0.798438
6930.000000,0.388889,0.076389,0.812500
6940.000000,0.375000,0.062500,0.809375
6950.000000,0.371875,0.065625,0.796875
6960.000000,0.359375,0.078125,0.796875
6970.000000,0.359375,0.078125,0.796875
6980.000000,0.364063,0.078125,0.801562
6990.000000,0.375000,0.073438,0.817187
7000.000000,0.379688,0.062500,0.832812
7010.000000,0.390625,0.062500,0.848437
7020.000000,0.385417,0.067708,0.859375
7030.000000,0.368750,0.078125,0.859375
7040.000000,0.353125,0.078125,0.853125
7050.000000,0.336806,0.078125,0.836806
7060.000000,0.335938,0.078125,0.820312
7070.000000,0.343750,0.070312,0.820312
7080.000000,0.351562,0.062500,0.843750
7090.000000,0.359375,0.054688,0.867188
7100.000000,0.350694,0.046875,0.875000
7110.000000,0.343750,0.037500,0.865625
7120.000000,0.334375,0.031250,0.859375
7130.000000,0.328125,0.041667,0.859375
7140.000000,0.328125,0.057813,0.848437
7150.000000,0.328125,0.073438,0.832812
7160.000000,0.328125,0.067187,0.828125
7170.000000,0.340278,0.050347,0.828125
7180.000000,0.356250,0.034375,0.828125
7190.000000,0.359375,0.018750,0.840625
7200.000000,0.359375,0.015625,0.856250
7210.000000,0.359375,0.028125,0.834375
7220.000000,0.345486,0.045139,0.814236
7230.000000,0.315625,0.075000,0.812500
7240.000000,0.312500,0.092188,0.812500
7250.000000,0.312500,0.109375,0.796875
7260.000000,0.328125,0.093750,0.781250
7270.000000,0.328125,0.078125,0.812500
7280.000000,0.328125,0.078125,0.828125
7290.000000,0.328125,0.062500,0.828125
7300.000000,0.326562,0.046875,0.826562
7310.000000,0.312500,0.046875,0.809375
7320.000000,0.310937,0.046875,0.778125
7330.000000,0.295139,0.048611,0.750000
7340.000000,0.281250,0.068750,0.750000
7350.000000,0.281250,0.100000,0.753125
7360.000000,0.281250,0.125000,0.765625
7370.000000,0.281250,0.120313,0.765625
7380.000000,0.281250,0.104688,0.775000
7390.000000,0.276562,0.089063,0.810937
7400.000000,0.265625,0.078125,0.848437
7410.000000,0.260417,0.072917,0.859375
7420.000000,0.243750,0.056250,0.859375
7430.000000,0.228125,0.028125,0.865625
7440.000000,0.218750,-0.020833,0.881944
7450.000000,0.218750,-0.054688,0.898438
7460.000000,0.218750,-0.070312,0.921875
7470.000000,0.218750,-0.078125,0.945312
7480.000000,0.201389,-0.095486,0.944444
7490.000000,0.168750,-0.128125,0.937500
7500.000000,0.137500,-0.168750,0.946875
7510.000000,0.115625,-0.206250,0.962500
7520.000000,0.109375,-0.228125,0.968750
7530.000000,0.109375,-0.213542,0.958333
7540.000000,0.098437,-0.181250,0.942187
7550.000000,0.104688,-0.150000,0.926562
7560.000000,0.097222,-0.128472,0.897569
7570.000000,0.081250,-0.125000,0.878125
7580.000000,0.078125,-0.125000,0.875000
7590.000000,0.065625,-0.137500,0.862500
7600.000000,0.062500,-0.140625,0.859375
7610.000000,0.048611,-0.140625,0.859375
7620.000000,0.032813,-0.112500,0.873437
7630.000000,0.017188,-0.081250,0.875000
7640.000000,0.015625,-0.035938,0.889062
7650.000000,0.015625,0.000000,0.921875
7660.000000,0.046875,0.000000,0.921875
7670.000000,0.031250,-0.062500,0.906250
7680.000000,0.031250,-0.114062,0.889062
7690.000000,0.029687,-0.160938,0.873437
7700.000000,0.017188,-0.207813,0.859375
7710.000000,0.031250,-0.250000,0.862500
7720.000000,0.031250,-0.246528,0.894097
7730.000000,0.028125,-0.209375,0.921875
7740.000000,0.021875,-0.168750,0.918750
7750.000000,0.050347,-0.156250,0.909722
7760.000000,0.057813,-0.160938,0.926562
7770.000000,0.046875,-0.176563,0.946875
7780.000000,0.037500,-0.192188,0.968750
7790.000000,0.010937,-0.207813,0.959375
7800.000000,-0.010417,-0.229167,0.927083
7810.000000,-0.037500,-0.256250,0.906250
7820.000000,-0.059375,-0.271875,0.906250
7830.000000,-0.078125,-0.281250,0.900000
7840.000000,-0.085069,-0.281250,0.890625
7850.000000,-0.078125,-0.281250,0.890625
7860.000000,-0.054688,-0.281250,0.898438
7870.000000,-0.038194,-0.281250,0.923611
7880.000000,-0.031250,-0.281250,0.965625
7890.000000,-0.040625,-0.281250,0.993750
7900.000000,-0.065625,-0.281250,1.000000
7910.000000,-0.096875,-0.290625,0.971875
7920.000000,-0.130208,-0.328125,0.932292
7930.000000,-0.151562,-0.365625,0.889062
7940.000000,-0.167187,-0.385937,0.864062
7950.000000,-0.159722,-0.402778,0.847222
7960.000000,-0.143750,-0.406250,0.843750
7970.000000,-0.115625,-0.406250,0.868750
7980.000000,-0.096875,-0.368750,0.912500
7990.000000,-0.093750,-0.303819,0.935764
8000.000000,-0.093750,-0.268750,0.923438
8010.000000,-0.121875,-0.265625,0.893750
8020.000000,-0.139063,-0.279687,0.848437
8030.000000,-0.140625,-0.309375,0.829688
8040.000000,-0.140625,-0.328125,0.812500
8050.000000,-0.140625,-0.328125,0.828125
8060.000000,-0.156250,-0.312500,0.828125
8070.000000,-0.171875,-0.295312,0.829688
8080.000000,-0.171875,-0.279687,0.843750
8090.000000,-0.171875,-0.265625,0.845313
8100.000000,-0.173437,-0.268750,0.860938
8110.000000,-0.189236,-0.298611,0.876736
8120.000000,-0.203125,-0.318750,0.887500
8130.000000,-0.206250,-0.350000,0.875000
8140.000000,-0.218750,-0.378125,0.881250
8150.000000,-0.218750,-0.394097,0.916667
8160.000000,-0.223438,-0.406250,0.957812
8170.000000,-0.239063,-0.415625,0.978125
8180.000000,-0.250000,-0.447917,1.005208
8190.000000,-0.250000,-0.481250,1.021875
8200.000000,-0.256250,-0.506250,1.025000
8210.000000,-0.259375,-0.521875,0.996875
8220.000000,-0.250000,-0.531250,0.956250
8230.000000,-0.243056,-0.517361,0.923611
8240.000000,-0.234375,-0.492188,0.890625
8250.000000,-0.226562,-0.460938,0.851562
8260.000000,-0.218750,-0.411458,0.810764
8270.000000,-0.209375,-0.362500,0.778125
8280.000000,-0.203125,-0.325000,0.765625
8290.000000,-0.203125,-0.303125,0.765625
8300.000000,-0.203125,-0.306250,0.765625
8310.000000,-0.203125,-0.312500,0.776042
8320.000000,-0.203125,-0.323437,0.781250
8330.000000,-0.214062,-0.339062,0.792188
8340.000000,-0.218750,-0.354687,0.807813
8350.000000,-0.243056,-0.371528,0.824653
8360.000000,-0.250000,-0.387500,0.840625
8370.000000,-0.250000,-0.403125,0.868750
8380.000000,-0.250000,-0.434028,0.902778
8390.000000,-0.235937,-0.437500,0.934375
8400.000000,-0.220312,-0.437500,0.951562
8410.000000,-0.204687,-0.437500,0.953125
8420.000000,-0.189062,-0.423438,0.925000
8430.000000,-0.187500,-0.406250,0.890625
8440.000000,-0.171875,-0.375000,0.859375
8450.000000,-0.171875,-0.359375,0.828125
8460.000000,-0.187500,-0.343750,0.812500
8470.000000,-0.187500,-0.326562,0.798438
8480.000000,-0.189062,-0.312500,0.812500
8490.000000,-0.203125,-0.310764,0.815972
8500.000000,-0.203125,-0.296875,0.846875
8510.000000,-0.206250,-0.300000,0.862500
8520.000000,-0.215625,-0.315625,0.875000
8530.000000,-0.203125,-0.334375,0.875000
8540.000000,-0.203125,-0.362847,0.871528
8550.000000,-0.203125,-0.379688,0.859375
8560.000000,-0.203125,-0.390625,0.854688
8570.000000,-0.203125,-0.390625,0.843750
8580.000000,-0.203125,-0.396875,0.843750
8590.000000,-0.203125,-0.400000,0.850000
8600.000000,-0.196875,-0.390625,0.859375
8610.000000,-0.187500,-0.390625,0.853125
8620.000000,-0.187500,-0.390625,0.836806
8630.000000,-0.195312,-0.382812,0.828125
8640.000000,-0.203125,-0.382812,0.828125
8650.000000,-0.203125,-0.390625,0.828125
8660.000000,-0.211806,-0.399306,0.828125
8670.000000,-0.218750,-0.406250,0.837500
8680.000000,-0.218750,-0.406250,0.843750
8690.000000,-0.218750,-0.406250,0.843750
8700.000000,-0.218750,-0.417187,0.843750
8710.000000,-0.218750,-0.421875,0.854688
8720.000000,-0.218750,-0.410938,0.859375
8730.000000,-0.207813,-0.406250,0.859375
8740.000000,-0.203125,-0.394097,0.859375
8750.000000,-0.203125,-0.378125,0.859375
8760.000000,-0.203125,-0.375000,0.859375
8770.000000,-0.203125,-0.375000,0.859375
8780.000000,-0.203125,-0.360938,0.859375
8790.000000,-0.217188,-0.373437,0.859375
8800.000000,-0.218750,-0.375000,0.859375
8810.000000,-0.218750,-0.375000,0.859375
8820.000000,-0.218750,-0.390625,0.859375
8830.000000,-0.218750,-0.390625,0.859375
8840.000000,-0.218750,-0.390625,0.875000
8850.000000,-0.218750,-0.390625,0.875000
8860.000000,-0.204687,-0.390625,0.876563
8870.000000,-0.218750,-0.390625,0.889062
8880.000000,-0.218750,-0.392361,0.875000
8890.000000,-0.218750,-0.406250,0.871875
8900.000000,-0.218750,-0.409375,0.856250
8910.000000,-0.218750,-0.421875,0.850000
8920.000000,-0.215625,-0.425000,0.875000
8930.000000,-0.203125,-0.437500,0.878472
8940.000000,-0.203125,-0.442188,0.895312
8950.000000,-0.203125,-0.457813,0.910937
8960.000000,-0.192708,-0.468750,0.927083
8970.000000,-0.171875,-0.475000,0.937500
8980.000000,-0.171875,-0.484375,0.937500
8990.000000,-0.178125,-0.484375,0.937500
9000.000000,-0.187500,-0.484375,0.944444
9010.000000,-0.195312,-0.484375,0.945312
9020.000000,-0.203125,-0.476562,0.937500
9030.000000,-0.203125,-0.460938,0.929688
9040.000000,-0.203125,-0.453125,0.921875
9050.000000,-0.203125,-0.444444,0.921875
9060.000000,-0.203125,-0.437500,0.921875
9070.000000,-0.193750,-0.428125,0.921875
9080.000000,-0.166667,-0.421875,0.921875
9090.000000,-0.156250,-0.410938,0.932813
9100.000000,-0.145313,-0.395313,0.937500
9110.000000,-0.140625,-0.390625,0.948438
9120.000000,-0.140625,-0.390625,0.942187
9130.000000,-0.140625,-0.378472,0.937500
9140.000000,-0.140625,-0.362500,0.925000
9150.000000,-0.115625,-0.359375,0.909375
9160.000000,-0.096875,-0.371875,0.893750
9170.000000,-0.079861,-0.375000,0.904514
9180.000000,-0.050000,-0.375000,0.906250
9190.000000,-0.060937,-0.360938,0.906250
9200.000000,-0.062500,-0.312500,0.921875
9210.000000,-0.031250,-0.281250,0.921875
9220.000000,-0.031250,-0.265625,0.921875
9230.000000,-0.015625,-0.250000,0.921875
9240.000000,-0.015625,-0.250000,0.906250
9250.000000,-0.017188,-0.234375,0.889062
9260.000000,-0.029687,-0.232813,0.875000
9270.000000,-0.013889,-0.218750,0.875000
9280.000000,0.000000,-0.215625,0.881250
9290.000000,0.006250,-0.200000,0.906250
9300.000000,0.034375,-0.181250,0.909375
9310.000000,0.050347,-0.156250,0.925347
9320.000000,0.067187,-0.156250,0.937500
9330.000000,0.078125,-0.156250,0.937500
9340.000000,0.082812,-0.156250,0.932813
9350.000000,0.089063,-0.156250,0.917188
9360.000000,0.072917,-0.151042,0.906250
9370.000000,0.068750,-0.128125,0.906250
9380.000000,0.071875,-0.090625,0.900000
9390.000000,0.083333,-0.062500,0.890625
9400.000000,0.101562,-0.054688,0.898438
9410.000000,0.101562,-0.039062,0.898438
9420.000000,0.117188,-0.023438,0.882812
9430.000000,0.132812,-0.015625,0.867188
9440.000000,0.140625,-0.006944,0.850694
9450.000000,0.150000,0.018750,0.834375
9460.000000,0.156250,0.040625,0.809375
9470.000000,0.165625,0.056250,0.787500
9480.000000,0.192708,0.062500,0.781250
9490.000000,0.214062,0.084375,0.781250
9500.000000,0.229687,0.115625,0.781250
9510.000000,0.234375,0.149306,0.793403
9520.000000,0.259375,0.168750,0.796875
9530.000000,0.290625,0.159375,0.771875
9540.000000,0.321875,0.143750,0.778125
9550.000000,0.340625,0.128125,0.781250
9560.000000,0.357639,0.111111,0.795139
9570.000000,0.359375,0.095312,0.782813
9580.000000,0.359375,0.079687,0.767188
9590.000000,0.359375,0.078125,0.750000
9600.000000,0.375000,0.093750,0.718750
9610.000000,0.390625,0.109375,0.718750
9620.000000,0.406250,0.125000,0.734375
9630.000000,0.421875,0.156250,0.734375
9640.000000,0.423438,0.171875,0.734375
9650.000000,0.437500,0.171875,0.734375
9660.000000,0.437500,0.173437,0.734375
9670.000000,0.437500,0.189236,0.734375
9680.000000,0.437500,0.203125,0.731250
9690.000000,0.440625,0.203125,0.715625
9700.000000,0.456597,0.206597,0.703125
9710.000000,0.473438,0.214062,0.707812
9720.000000,0.484375,0.207813,0.718750
9730.000000,0.484375,0.223438,0.723437
9740.000000,0.484375,0.234375,0.734375
9750.000000,0.484375,0.229167,0.744792
9760.000000,0.484375,0.218750,0.765625
9770.000000,0.484375,0.206250,0.753125
9780.000000,0.484375,0.187500,0.727431
9790.000000,0.484375,0.187500,0.726562
9800.000000,0.492188,0.195312,0.734375
9810.000000,0.500000,0.210938,0.726562
9820.000000,0.508681,0.227431,0.701389
9830.000000,0.506250,0.234375,0.687500
9840.000000,0.509375,0.243750,0.678125
9850.000000,0.515625,0.260417,0.661458
9860.000000,0.515625,0.254688,0.667188
9870.000000,0.537500,0.250000,0.682813
9880.000000,0.546875,0.250000,0.699653
9890.000000,0.546875,0.250000,0.703125
9900.000000,0.546875,0.250000,0.703125
9910.000000,0.546875,0.250000,0.703125
9920.000000,0.546875,0.235937,0.689063
9930.000000,0.531250,0.218750,0.671875
9940.000000,0.531250,0.234375,0.687500
9950.000000,0.515625,0.218750,0.671875
9960.000000,0.500000,0.218750,0.671875
9970.000000,0.503125,0.234375,0.689063
9980.000000,0.531250,0.234375,0.704688
9990.000000,0.529514,0.232639,0.722222
10000.000000,0.518750,0.215625,0.756250
10010.000000,0.528125,0.203125,0.784375
10020.000000,0.519097,0.203125,0.786458
10030.000000,0.526563,0.207813,0.735938
10040.000000,0.510938,0.223438,0.698438
10050.000000,0.500000,0.239583,0.682292
10060.000000,0.500000,0.250000,0.665625
10070.000000,0.506944,0.243056,0.656250
10080.000000,0.523438,0.242188,0.679688
10090.000000,0.539062,0.250000,0.710938
10100.000000,0.546875,0.241319,0.718750
10110.000000,0.537500,0.225000,0.709375
10120.000000,0.531250,0.218750,0.693750
10130.000000,0.521875,0.209375,0.678125
10140.000000,0.515625,0.203125,0.671875
10150.000000,0.526563,0.214062,0.671875
10160.000000,0.531250,0.229687,0.671875
10170.000000,0.543403,0.234375,0.671875
10180.000000,0.534375,0.234375,0.696875
10190.000000,0.531250,0.234375,0.715625
10200.000000,0.531250,0.234375,0.732639
10210.000000,0.531250,0.220312,0.734375
10220.000000,0.515625,0.234375,0.734375
10230.000000,0.500000,0.234375,0.718750
10240.000000,0.500000,0.234375,0.703125
10250.000000,0.500000,0.234375,0.689063
10260.000000,0.501563,0.232813,0.704688
10270.000000,0.515625,0.218750,0.720486
10280.000000,0.515625,0.215625,0.734375
10290.000000,0.515625,0.200000,0.734375
10300.000000,0.515625,0.187500,0.734375
10310.000000,0.515625,0.187500,0.734375
10320.000000,0.515625,0.192188,0.734375
10330.000000,0.510938,0.203125,0.734375
10340.000000,0.500000,0.208333,0.734375
10350.000000,0.500000,0.218750,0.721875
10360.000000,0.500000,0.212500,0.709375
10370.000000,0.500000,0.189236,0.732639
10380.000000,0.500000,0.164062,0.757812
10390.000000,0.491319,0.156250,0.765625
10400.000000,0.484375,0.156250,0.756250
10410.000000,0.484375,0.156250,0.740625
10420.000000,0.473958,0.166667,0.734375
10430.000000,0.468750,0.182812,0.734375
10440.000000,0.468750,0.187500,0.734375
10450.000000,0.480903,0.199653,0.734375
10460.000000,0.484375,0.203125,0.746875
10470.000000,0.484375,0.203125,0.750000
10480.000000,0.484375,0.178125,0.750000
10490.000000,0.484375,0.157986,0.763889
10500.000000,0.484375,0.142187,0.765625
10510.000000,0.470313,0.140625,0.751563
10520.000000,0.453125,0.156250,0.750000
10530.000000,0.437500,0.171875,0.718750
10540.000000,0.437500,0.187500,0.703125
10550.000000,0.423438,0.204687,0.703125
10560.000000,0.439236,0.218750,0.699653
10570.000000,0.450000,0.218750,0.678125
10580.000000,0.434375,0.218750,0.706250
10590.000000,0.421875,0.218750,0.711806
10600.000000,0.417187,0.218750,0.673438
10610.000000,0.396875,0.223438,0.640625
10620.000000,0.375000,0.239063,0.640625
10630.000000,0.385417,0.255208,0.635417
10640.000000,0.406250,0.253125,0.643750
10650.000000,0.406250,0.215625,0.728125
10660.000000,0.413194,0.166667,0.854167
10670.000000,0.421875,0.117188,0.906250
10680.000000,0.414062,0.062500,0.906250
10690.000000,0.406250,0.013889,0.914931
10700.000000,0.406250,-0.037500,0.912500
10710.000000,0.375000,-0.083333,0.895833
10720.000000,0.326562,-0.082812,0.879687
10730.000000,0.301563,-0.067187,0.875000
10740.000000,0.284722,-0.050347,0.850694
10750.000000,0.281250,-0.034375,0.856250
10760.000000,0.281250,-0.031250,0.884375
10770.000000,0.295139,-0.031250,0.890625
10780.000000,0.282813,-0.045312,0.890625
10790.000000,0.267188,-0.075000,0.876563
10800.000000,0.251563,-0.078125,0.846875
10810.000000,0.234375,-0.109375,0.812500
10820.000000,0.203125,-0.109375,0.796875
10830.000000,0.203125,-0.093750,0.812500
10840.000000,0.218750,-0.078125,0.846875
10850.000000,0.220312,-0.076563,0.881250
10860.000000,0.236111,-0.060764,0.940972
10870.000000,0.250000,-0.046875,0.971875
10880.000000,0.246528,-0.050347,0.977431
10890.000000,0.225000,-0.071875,0.939063
10900.000000,0.189062,-0.103125,0.896875
10910.000000,0.145833,-0.135417,0.864583
10920.000000,0.112500,-0.156250,0.818750
10930.000000,0.100000,-0.156250,0.781250
10940.000000,0.109375,-0.149306,0.802083
10950.000000,0.117188,-0.109375,0.859375
10960.000000,0.140625,-0.054688,0.921875
10970.000000,0.164062,-0.007812,0.960938
10980.000000,0.164062,0.023438,0.968750
10990.000000,0.148438,0.015625,0.953125
11000.000000,0.132812,-0.031250,0.921875
11010.000000,0.116319,-0.105903,0.897569
11020.000000,0.100000,-0.168750,0.890625
11030.000000,0.093750,-0.187500,0.909375
11040.000000,0.121875,-0.206250,0.921875
11050.000000,0.150000,-0.209375,0.921875
11060.000000,0.166667,-0.213542,0.942708
11070.000000,0.160938,-0.218750,0.953125
11080.000000,0.145313,-0.218750,0.942187
11090.000000,0.107813,-0.229687,0.915625
11100.000000,0.060937,-0.245312,0.906250
11110.000000,0.025000,-0.250000,0.895312
11120.000000,0.004687,-0.250000,0.890625
11130.000000,0.000000,-0.250000,0.890625
11140.000000,0.012500,-0.250000,0.903125
11150.000000,0.028125,-0.250000,0.918750
11160.000000,0.043750,-0.237500,0.921875
11170.000000,0.021875,-0.221875,0.909375
11180.000000,0.001736,-0.218750,0.892361
11190.000000,-0.014063,-0.232813,0.890625
11200.000000,-0.043750,-0.248438,0.876563
11210.000000,-0.046875,-0.250000,0.875000
11220.000000,-0.032813,-0.264062,0.860938
11230.000000,-0.017188,-0.265625,0.859375
11240.000000,-0.015625,-0.265625,0.859375
11250.000000,0.000000,-0.281250,0.859375
11260.000000,0.000000,-0.265625,0.890625
11270.000000,0.000000,-0.234375,0.906250
11280.000000,-0.031250,-0.234375,0.906250
11290.000000,-0.062500,-0.234375,0.890625
11300.000000,-0.081250,-0.251563,0.889062
11310.000000,-0.110937,-0.267188,0.875000
11320.000000,-0.125000,-0.282813,0.875000
11330.000000,-0.125000,-0.296875,0.875000
11340.000000,-0.125000,-0.298438,0.875000
11350.000000,-0.123438,-0.314063,0.876563
11360.000000,-0.109375,-0.329861,0.892361
11370.000000,-0.106250,-0.346875,0.912500
11380.000000,-0.096875,-0.356250,0.940625
11390.000000,-0.115625,-0.343750,0.950000
11400.000000,-0.146875,-0.343750,0.931250
11410.000000,-0.178819,-0.343750,0.899306
11420.000000,-0.203125,-0.343750,0.870313
11430.000000,-0.198437,-0.353125,0.850000
11440.000000,-0.182812,-0.375000,0.828125
11450.000000,-0.167187,-0.375000,0.828125
11460.000000,-0.151562,-0.375000,0.837500
11470.000000,-0.140625,-0.375000,0.859375
11480.000000,-0.145833,-0.369792,0.859375
11490.000000,-0.175000,-0.359375,0.865625
11500.000000,-0.215625,-0.359375,0.881250
11510.000000,-0.240625,-0.365625,0.890625
11520.000000,-0.250000,-0.375000,0.884375
11530.000000,-0.236111,-0.381944,0.868056
11540.000000,-0.210938,-0.398438,0.867188
11550.000000,-0.195312,-0.421875,0.882812
11560.000000,-0.179688,-0.453125,0.906250
11570.000000,-0.171875,-0.476562,0.929688
11580.000000,-0.187500,-0.500000,0.960938
11590.000000,-0.226562,-0.523438,0.992188
11600.000000,-0.267361,-0.531250,1.000000
11610.000000,-0.300000,-0.521875,0.981250
11620.000000,-0.321875,-0.515625,0.950000
11630.000000,-0.318750,-0.506250,0.928125
11640.000000,-0.293750,-0.490625,0.912500
11650.000000,-0.260417,-0.463542,0.885417
11660.000000,-0.239063,-0.431250,0.864062
11670.000000,-0.212500,-0.410938,0.826562
11680.000000,-0.192188,-0.384375,0.790625
11690.000000,-0.187500,-0.364063,0.770312
11700.000000,-0.176563,-0.359375,0.765625
11710.000000,-0.171875,-0.348438,0.765625
11720.000000,-0.171875,-0.331597,0.765625
11730.000000,-0.171875,-0.328125,0.778125
11740.000000,-0.184375,-0.328125,0.781250
11750.000000,-0.200000,-0.328125,0.793750
11760.000000,-0.215625,-0.340625,0.809375
11770.000000,-0.232639,-0.357639,0.826389
11780.000000,-0.248438,-0.359375,0.856250
11790.000000,-0.264062,-0.387500,0.887500
11800.000000,-0.265625,-0.418750,0.904687
11810.000000,-0.265625,-0.435937,0.920312
11820.000000,-0.265625,-0.437500,0.935937
11830.000000,-0.251563,-0.437500,0.937500
11840.000000,-0.234375,-0.437500,0.906250
11850.000000,-0.218750,-0.437500,0.875000
11860.000000,-0.203125,-0.421875,0.843750
11870.000000,-0.203125,-0.406250,0.812500
11880.000000,-0.187500,-0.375000,0.781250
11890.000000,-0.189062,-0.373437,0.796875
11900.000000,-0.203125,-0.359375,0.796875
11910.000000,-0.203125,-0.360938,0.798438
11920.000000,-0.204687,-0.376563,0.814063
11930.000000,-0.218750,-0.392188,0.829688
11940.000000,-0.218750,-0.406250,0.845313
11950.000000,-0.218750,-0.406250,0.859375
11960.000000,-0.218750,-0.409375,0.862500
11970.000000,-0.215625,-0.421875,0.871875
11980.000000,-0.203125,-0.418750,0.859375
11990.000000,-0.200000,-0.403125,0.859375
12000.000000,-0.190972,-0.390625,0.855903
12010.000000,-0.203125,-0.385937,0.839063
12020.000000,-0.203125,-0.375000,0.828125
12030.000000,-0.203125,-0.379688,0.828125
12040.000000,-0.203125,-0.385937,0.828125
12050.000000,-0.203125,-0.379688,0.832812
12060.000000,-0.203125,-0.390625,0.839063
12070.000000,-0.208333,-0.390625,0.828125
12080.000000,-0.218750,-0.396875,0.834375
12090.000000,-0.218750,-0.406250,0.843750
12100.000000,-0.225000,-0.406250,0.843750
12110.000000,-0.234375,-0.406250,0.843750
12120.000000,-0.234375,-0.406250,0.843750
12130.000000,-0.234375,-0.406250,0.843750
12140.000000,-0.234375,-0.406250,0.835938
12150.000000,-0.226562,-0.406250,0.835938
12160.000000,-0.218750,-0.406250,0.835069
12170.000000,-0.218750,-0.406250,0.837500
12180.000000,-0.218750,-0.406250,0.834375
12190.000000,-0.208333,-0.406250,0.828125
12200.000000,-0.214062,-0.406250,0.839063
12210.000000,-0.207813,-0.406250,0.843750
12220.000000,-0.215278,-0.394097,0.843750
12230.000000,-0.231250,-0.390625,0.843750
12240.000000,-0.234375,-0.376736,0.843750
12250.000000,-0.248438,-0.389062,0.843750
12260.000000,-0.250000,-0.390625,0.843750
12270.000000,-0.234375,-0.406250,0.843750
12280.000000,-0.218750,-0.406250,0.859375
12290.000000,-0.218750,-0.421875,0.859375
12300.000000,-0.203125,-0.437500,0.843750
12310.000000,-0.203125,-0.439063,0.843750
12320.000000,-0.204687,-0.451562,0.845313
12330.000000,-0.220486,-0.437500,0.859375
12340.000000,-0.237500,-0.437500,0.859375
12350.000000,-0.250000,-0.437500,0.862500
12360.000000,-0.246528,-0.437500,0.878472
12370.000000,-0.229687,-0.442188,0.890625
12380.000000,-0.218750,-0.453125,0.890625
12390.000000,-0.223958,-0.453125,0.890625
12400.000000,-0.234375,-0.459375,0.890625
12410.000000,-0.234375,-0.475694,0.890625
12420.000000,-0.234375,-0.484375,0.890625
12430.000000,-0.234375,-0.484375,0.890625
12440.000000,-0.225694,-0.493056,0.890625
12450.000000,-0.218750,-0.500000,0.890625
12460.000000,-0.209375,-0.500000,0.900000
12470.000000,-0.203125,-0.500000,0.906250
12480.000000,-0.203125,-0.489583,0.906250
12490.000000,-0.192188,-0.484375,0.906250
12500.000000,-0.187500,-0.484375,0.906250
12510.000000,-0.187500,-0.472222,0.906250
12520.000000,-0.187500,-0.468750,0.893750
12530.000000,-0.187500,-0.456250,0.890625
12540.000000,-0.173611,-0.439236,0.890625
12550.000000,-0.171875,-0.423438,0.890625
12560.000000,-0.157812,-0.407813,0.890625
12570.000000,-0.140625,-0.390625,0.875000
12580.000000,-0.125000,-0.390625,0.875000
12590.000000,-0.107813,-0.375000,0.875000
12600.000000,-0.092188,-0.373437,0.878125
12610.000000,-0.078125,-0.357639,0.906250
12620.000000,-0.075000,-0.346875,0.909375
12630.000000,-0.059375,-0.359375,0.925000
12640.000000,-0.043750,-0.356250,0.937500
12650.000000,-0.034722,-0.343750,0.940972
12660.000000,-0.046875,-0.339062,0.948438
12670.000000,-0.051562,-0.323437,0.928125
12680.000000,-0.067708,-0.302083,0.895833
12690.000000,-0.078125,-0.268750,0.868750
12700.000000,-0.071875,-0.243750,0.859375
12710.000000,-0.055556,-0.227431,0.866319
12720.000000,-0.031250,-0.218750,0.890625
12730.000000,-0.006944,-0.218750,0.923611
12740.000000,0.009375,-0.218750,0.946875
12750.000000,0.025000,-0.228125,0.953125
12760.000000,0.031250,-0.244792,0.953125
12770.000000,0.031250,-0.250000,0.942187
12780.000000,0.031250,-0.239063,0.915625
12790.000000,0.019097,-0.222222,0.894097
12800.000000,0.015625,-0.206250,0.878125
12810.000000,0.003125,-0.190625,0.862500
12820.000000,0.000000,-0.175000,0.846875
12830.000000,0.041667,-0.157986,0.857639
12840.000000,0.075000,-0.128125,0.873437
12850.000000,0.078125,-0.110937,0.903125
12860.000000,0.109375,-0.093750,0.921875
12870.000000,0.109375,-0.093750,0.906250
12880.000000,0.125000,-0.093750,0.890625
12890.000000,0.140625,-0.078125,0.859375
12900.000000,0.142361,-0.079861,0.861111
12910.000000,0.159375,-0.090625,0.875000
12920.000000,0.171875,-0.075000,0.875000
12930.000000,0.178819,-0.062500,0.871528
12940.000000,0.203125,-0.057813,0.859375
12950.000000,0.203125,-0.046875,0.854688
12960.000000,0.203125,-0.041667,0.843750
12970.000000,0.209375,-0.025000,0.843750
12980.000000,0.218750,-0.003125,0.837500
12990.000000,0.218750,0.028125,0.821875
13000.000000,0.218750,0.060764,0.819444
13010.000000,0.226562,0.085938,0.828125
13020.000000,0.250000,0.101562,0.820312
13030.000000,0.282986,0.100694,0.803819
13040.000000,0.306250,0.075000,0.815625
13050.000000,0.321875,0.053125,0.828125
13060.000000,0.328125,0.026042,0.817708
13070.000000,0.317188,0.015625,0.812500
13080.000000,0.312500,0.015625,0.812500
13090.000000,0.300000,0.040625,0.812500
13100.000000,0.296875,0.071875,0.800000
13110.000000,0.310764,0.119792,0.796875
13120.000000,0.326562,0.139063,0.810937
13130.000000,0.356250,0.140625,0.812500
13140.000000,0.373437,0.126562,0.812500
13150.000000,0.375000,0.109375,0.812500
13160.000000,0.390625,0.093750,0.796875
13170.000000,0.406250,0.078125,0.796875
13180.000000,0.390625,0.079687,0.778125
13190.000000,0.390625,0.093750,0.748437
13200.000000,0.392361,0.095486,0.734375
13210.000000,0.409375,0.109375,0.734375
13220.000000,0.421875,0.116319,0.737847
13230.000000,0.431250,0.140625,0.754687
13240.000000,0.453125,0.145313,0.765625
13250.000000,0.458333,0.156250,0.770833
13260.000000,0.468750,0.150000,0.781250
13270.000000,0.462500,0.140625,0.775000
13280.000000,0.446181,0.140625,0.765625
13290.000000,0.437500,0.148438,0.757812
13300.000000,0.437500,0.164062,0.742188
13310.000000,0.437500,0.179688,0.734375
13320.000000,0.437500,0.196181,0.751736
13330.000000,0.456250,0.203125,0.756250
13340.000000,0.478125,0.203125,0.750000
13350.000000,0.484375,0.184375,0.759375
13360.000000,0.493750,0.153125,0.784375
13370.000000,0.489583,0.140625,0.796875
13380.000000,0.484375,0.151562,0.775000
13390.000000,0.462500,0.167187,0.743750
13400.000000,0.453125,0.184028,0.710069
13410.000000,0.465625,0.187500,0.715625
13420.000000,0.468750,0.200000,0.731250
13430.000000,0.481250,0.190625,0.721875
13440.000000,0.496875,0.175000,0.718750
13450.000000,0.513889,0.157986,0.760417
13460.000000,0.515625,0.142187,0.807813
13470.000000,0.515625,0.154688,0.798438
13480.000000,0.500000,0.140625,0.765625
13490.000000,0.484375,0.140625,0.734375
13500.000000,0.468750,0.156250,0.703125
13510.000000,0.468750,0.203125,0.687500
13520.000000,0.485938,0.232813,0.671875
13530.000000,0.503125,0.217188,0.675000
13540.000000,0.532813,0.200000,0.706250
13550.000000,0.546875,0.170313,0.737500
13560.000000,0.546875,0.157986,0.765625
13570.000000,0.540625,0.171875,0.759375
13580.000000,0.512500,0.178125,0.728125
13590.000000,0.503472,0.210069,0.699653
13600.000000,0.515625,0.248438,0.673438
13610.000000,0.520312,0.276562,0.635938
13620.000000,0.531250,0.260937,0.625000
13630.000000,0.535937,0.240625,0.639062
13640.000000,0.546875,0.213542,0.687500
13650.000000,0.546875,0.209375,0.725000
13660.000000,0.546875,0.225000,0.734375
13670.000000,0.546875,0.240625,0.728125
13680.000000,0.539931,0.250000,0.711806
13690.000000,0.531250,0.257812,0.687500
13700.000000,0.531250,0.257812,0.664062
13710.000000,0.531250,0.250000,0.647569
13720.000000,0.540625,0.240625,0.659375
13730.000000,0.556250,0.225000,0.690625
13740.000000,0.562500,0.218750,0.721875
13750.000000,0.562500,0.218750,0.743750
13760.000000,0.552083,0.229167,0.729167
13770.000000,0.546875,0.245312,0.696875
13780.000000,0.525000,0.250000,0.676562
13790.000000,0.515625,0.250000,0.659722
13800.000000,0.515625,0.237500,0.668750
13810.000000,0.515625,0.246875,0.671875
13820.000000,0.528125,0.250000,0.696875
13830.000000,0.531250,0.250000,0.717014
13840.000000,0.545312,0.235937,0.718750
13850.000000,0.532813,0.220312,0.718750
13860.000000,0.531250,0.204687,0.718750
13870.000000,0.517188,0.189062,0.718750
13880.000000,0.515625,0.187500,0.703125
13890.000000,0.515625,0.203125,0.703125
13900.000000,0.500000,0.218750,0.718750
13910.000000,0.514062,0.218750,0.732812
13920.000000,0.500000,0.217188,0.718750
13930.000000,0.500000,0.201563,0.720313
13940.000000,0.498437,0.185938,0.734375
13950.000000,0.484375,0.171875,0.734375
13960.000000,0.484375,0.175000,0.731250
13970.000000,0.487500,0.187500,0.718750
13980.000000,0.500000,0.187500,0.718750
13990.000000,0.500000,0.187500,0.718750
14000.000000,0.495312,0.182812,0.718750
14010.000000,0.479687,0.171875,0.718750
14020.000000,0.463542,0.177083,0.718750
14030.000000,0.459375,0.187500,0.718750
14040.000000,0.462500,0.187500,0.712500
14050.000000,0.453125,0.193750,0.709375
14060.000000,0.459375,0.209375,0.725000
14070.000000,0.461806,0.218750,0.727431
14080.000000,0.445312,0.210938,0.718750
14090.000000,0.414062,0.195312,0.718750
14100.000000,0.399306,0.178819,0.727431
14110.000000,0.406250,0.171875,0.743750
14120.000000,0.406250,0.162500,0.740625
14130.000000,0.406250,0.156250,0.753125
14140.000000,0.406250,0.156250,0.775000
14150.000000,0.395833,0.145833,0.770833
14160.000000,0.379688,0.118750,0.787500
14170.000000,0.364063,0.087500,0.818750
14180.000000,0.348438,0.056250,0.839063
14190.000000,0.343750,0.034722,0.843750
14200.000000,0.331250,0.031250,0.831250
14210.000000,0.315625,0.031250,0.828125
14220.000000,0.284722,0.045139,0.814236
14230.000000,0.281250,0.046875,0.784375
14240.000000,0.267188,0.046875,0.781250
14250.000000,0.265625,0.046875,0.781250
14260.000000,0.265625,0.032813,0.809375
14270.000000,0.265625,0.031250,0.843750
14280.000000,0.281250,0.000000,0.859375
14290.000000,0.265625,0.000000,0.843750
14300.000000,0.265625,-0.015625,0.842187
14310.000000,0.262500,-0.020313,0.828125
14320.000000,0.232813,-0.064062,0.831250
14330.000000,0.217014,-0.076389,0.861111
14340.000000,0.196875,-0.062500,0.881250
14350.000000,0.168750,-0.062500,0.906250
14360.000000,0.153125,-0.059375,0.903125
14370.000000,0.137500,-0.050000,0.887500
14380.000000,0.121528,-0.069444,0.878472
14390.000000,0.104688,-0.103125,0.890625
14400.000000,0.089063,-0.129688,0.900000
14410.000000,0.072917,-0.140625,0.927083
14420.000000,0.062500,-0.134375,0.931250
14430.000000,0.062500,-0.131250,0.921875
14440.000000,0.056250,-0.134375,0.928125
14450.000000,0.040625,-0.125000,0.943750
14460.000000,0.038194,-0.125000,0.960069
14470.000000,0.046875,-0.140625,0.953125
14480.000000,0.039062,-0.164062,0.921875
14490.000000,0.013889,-0.171875,0.897569
14500.000000,-0.009375,-0.181250,0.881250
14510.000000,-0.025000,-0.196875,0.865625
14520.000000,-0.021875,-0.221875,0.850000
14530.000000,-0.005208,-0.244792,0.864583
14540.000000,0.000000,-0.250000,0.918750
14550.000000,0.000000,-0.228125,0.970313
14560.000000,-0.010938,-0.185938,1.017187
14570.000000,-0.026563,-0.171875,1.020312
14580.000000,-0.031250,-0.184028,0.991319
14590.000000,-0.043750,-0.225000,0.946875
14600.000000,-0.071875,-0.259375,0.937500
14610.000000,-0.078125,-0.307292,0.923611
14620.000000,-0.092188,-0.340625,0.893750
14630.000000,-0.093750,-0.357812,0.876563
14640.000000,-0.093750,-0.359375,0.846875
14650.000000,-0.079687,-0.331250,0.857812
14660.000000,-0.046875,-0.296875,0.890625
14670.000000,-0.046875,-0.265625,0.953125
14680.000000,-0.046875,-0.250000,0.968750
14690.000000,-0.046875,-0.250000,0.968750
14700.000000,-0.081250,-0.253125,0.953125
14710.000000,-0.110937,-0.285938,0.951562
14720.000000,-0.125000,-0.333333,0.935764
14730.000000,-0.128125,-0.384375,0.921875
14740.000000,-0.140625,-0.428125,0.921875
14750.000000,-0.140625,-0.453125,0.918750
14760.000000,-0.143750,-0.453125,0.909375
14770.000000,-0.149306,-0.449653,0.925347
14780.000000,-0.125000,-0.428125,0.942187
14790.000000,-0.125000,-0.396875,0.953125
14800.000000,-0.130208,-0.364583,0.958333
14810.000000,-0.146875,-0.337500,0.968750
14820.000000,-0.168750,-0.328125,0.962500
14830.000000,-0.187500,-0.340625,0.946875
14840.000000,-0.194444,-0.373264,0.937500
14850.000000,-0.203125,-0.406250,0.937500
14860.000000,-0.203125,-0.421875,0.945312
14870.000000,-0.203125,-0.421875,0.953125
14880.000000,-0.195312,-0.421875,0.953125
14890.000000,-0.178819,-0.421875,0.953125
14900.000000,-0.171875,-0.421875,0.953125
14910.000000,-0.171875,-0.403125,0.943750
14920.000000,-0.161458,-0.380208,0.937500
14930.000000,-0.145313,-0.353125,0.937500
14940.000000,-0.129688,-0.332813,0.915625
14950.000000,-0.114062,-0.328125,0.895312
14960.000000,-0.098437,-0.339062,0.879687
14970.000000,-0.105903,-0.331597,0.875000
14980.000000,-0.096875,-0.328125,0.875000
14990.000000,-0.093750,-0.328125,0.862500
15000.000000,-0.093750,-0.315625,0.859375
15010.000000,-0.093750,-0.312500,0.859375
15020.000000,-0.093750,-0.298438,0.859375
15030.000000,-0.093750,-0.282813,0.859375
15040.000000,-0.093750,-0.265625,0.875000
15050.000000,-0.093750,-0.265625,0.875000
15060.000000,-0.093750,-0.265625,0.859375
15070.000000,-0.078125,-0.265625,0.843750
15080.000000,-0.093750,-0.265625,0.843750
15090.000000,-0.095312,-0.281250,0.843750
15100.000000,-0.109375,-0.282813,0.843750
15110.000000,-0.111111,-0.296875,0.843750
15120.000000,-0.125000,-0.296875,0.846875
15130.000000,-0.125000,-0.300000,0.859375
15140.000000,-0.121875,-0.309375,0.859375
15150.000000,-0.106250,-0.296875,0.859375
15160.000000,-0.093750,-0.293403,0.859375
15170.000000,-0.089063,-0.281250,0.859375
15180.000000,-0.078125,-0.276562,0.859375
15190.000000,-0.082812,-0.270313,0.864062
15200.000000,-0.088542,-0.286458,0.875000
15210.000000,-0.078125,-0.303125,0.875000
15220.000000,-0.084375,-0.318750,0.875000
15230.000000,-0.100694,-0.328125,0.875000
15240.000000,-0.117188,-0.320312,0.875000
15250.000000,-0.125000,-0.312500,0.867188
15260.000000,-0.125000,-0.304688,0.851562
15270.000000,-0.125000,-0.289062,0.835938
15280.000000,-0.116319,-0.281250,0.828125
15290.000000,-0.100000,-0.281250,0.828125
15300.000000,-0.093750,-0.281250,0.828125
15310.000000,-0.093750,-0.281250,0.828125
15320.000000,-0.093750,-0.270313,0.839063
15330.000000,-0.104688,-0.265625,0.843750
15340.000000,-0.098437,-0.254688,0.832812
15350.000000,-0.105903,-0.262153,0.828125
15360.000000,-0.109375,-0.265625,0.815625
15370.000000,-0.109375,-0.265625,0.825000
15380.000000,-0.084375,-0.290625,0.828125
15390.000000,-0.065625,-0.309375,0.828125
15400.000000,-0.076389,-0.312500,0.814236
15410.000000,-0.092188,-0.312500,0.812500
15420.000000,-0.107813,-0.298438,0.798438
15430.000000,-0.109375,-0.296875,0.812500
15440.000000,-0.140625,-0.296875,0.812500
15450.000000,-0.156250,-0.296875,0.828125
15460.000000,-0.171875,-0.312500,0.843750
15470.000000,-0.187500,-0.312500,0.875000
15480.000000,-0.220312,-0.328125,0.926562
15490.000000,-0.237500,-0.332813,0.971875
15500.000000,-0.265625,-0.380208,1.005208
15510.000000,-0.268750,-0.434375,1.059375
15520.000000,-0.281250,-0.496875,1.118750
15530.000000,-0.281250,-0.553125,1.159375
15540.000000,-0.277778,-0.581597,1.168403
15550.000000,-0.256250,-0.589063,1.132812
15560.000000,-0.229687,-0.568750,1.059375
15570.000000,-0.214062,-0.537500,0.992188
15580.000000,-0.198437,-0.506250,0.918750
15590.000000,-0.187500,-0.468750,0.859375
15600.000000,-0.193750,-0.425000,0.828125
15610.000000,-0.203125,-0.393750,0.828125
15620.000000,-0.203125,-0.368056,0.828125
15630.000000,-0.203125,-0.343750,0.828125
15640.000000,-0.195312,-0.320312,0.820312
15650.000000,-0.187500,-0.312500,0.812500
15660.000000,-0.187500,-0.312500,0.821181
15670.000000,-0.178125,-0.312500,0.837500
15680.000000,-0.171875,-0.321875,0.843750
15690.000000,-0.171875,-0.328125,0.854167
15700.000000,-0.171875,-0.339062,0.859375
15710.000000,-0.160938,-0.354687,0.859375
15720.000000,-0.156250,-0.371528,0.859375
15730.000000,-0.143750,-0.387500,0.871875
15740.000000,-0.140625,-0.404514,0.888889
15750.000000,-0.140625,-0.406250,0.876563
15760.000000,-0.154688,-0.406250,0.889062
15770.000000,-0.156250,-0.375000,0.875000
15780.000000,-0.140625,-0.359375,0.875000
15790.000000,-0.125000,-0.343750,0.859375
15800.000000,-0.125000,-0.345313,0.876563
15810.000000,-0.123438,-0.360938,0.892188
15820.000000,-0.107813,-0.376563,0.906250
15830.000000,-0.092014,-0.390625,0.906250
15840.000000,-0.081250,-0.387500,0.909375
15850.000000,-0.093750,-0.371875,0.921875
15860.000000,-0.093750,-0.355903,0.921875
15870.000000,-0.093750,-0.339062,0.921875
15880.000000,-0.089063,-0.328125,0.921875
15890.000000,-0.078125,-0.333333,0.916667
15900.000000,-0.078125,-0.350000,0.906250
15910.000000,-0.078125,-0.359375,0.906250
15920.000000,-0.078125,-0.359375,0.906250
15930.000000,-0.070312,-0.343750,0.906250
15940.000000,-0.071181,-0.319444,0.906250
15950.000000,-0.068750,-0.303125,0.906250
15960.000000,-0.062500,-0.278125,0.896875
15970.000000,-0.062500,-0.265625,0.890625
15980.000000,-0.072917,-0.255208,0.890625
15990.000000,-0.067187,-0.260937,0.890625
16000.000000,-0.062500,-0.265625,0.879687
16010.000000,-0.062500,-0.277778,0.875000
16020.000000,-0.050000,-0.281250,0.875000
16030.000000,-0.034375,-0.293750,0.875000
16040.000000,-0.031250,-0.296875,0.875000
16050.000000,-0.017188,-0.282813,0.860938
16060.000000,-0.015625,-0.267188,0.873437
16070.000000,-0.015625,-0.250000,0.875000
16080.000000,-0.015625,-0.234375,0.859375
16090.000000,0.000000,-0.217188,0.845313
16100.000000,0.000000,-0.203125,0.860938
16110.000000,0.001736,-0.203125,0.875000
16120.000000,0.015625,-0.206250,0.878125
16130.000000,0.018750,-0.221875,0.893750
16140.000000,0.031250,-0.237500,0.909375
16150.000000,0.031250,-0.246528,0.921875
16160.000000,0.031250,-0.229687,0.926562
16170.000000,0.031250,-0.218750,0.937500
16180.000000,0.036458,-0.213542,0.937500
16190.000000,0.046875,-0.196875,0.937500
16200.000000,0.053125,-0.181250,0.937500
16210.000000,0.069444,-0.164931,0.930556
16220.000000,0.085938,-0.156250,0.921875
16230.000000,0.093750,-0.156250,0.921875
16240.000000,0.103125,-0.165625,0.912500
16250.000000,0.109375,-0.171875,0.906250
16260.000000,0.109375,-0.171875,0.906250
16270.000000,0.120313,-0.160938,0.895312
16280.000000,0.135937,-0.167187,0.879687
16290.000000,0.140625,-0.171875,0.875000
16300.000000,0.140625,-0.171875,0.875000
16310.000000,0.153125,-0.159375,0.862500
16320.000000,0.156250,-0.156250,0.859375
16330.000000,0.156250,-0.142361,0.859375
16340.000000,0.156250,-0.126562,0.859375
16350.000000,0.170313,-0.110937,0.859375
16360.000000,0.171875,-0.093750,0.859375
16370.000000,0.171875,-0.078125,0.859375
16380.000000,0.171875,-0.062500,0.859375
16390.000000,0.187500,-0.046875,0.875000
16400.000000,0.189236,-0.045139,0.875000
16410.000000,0.203125,-0.031250,0.875000
16420.000000,0.203125,-0.031250,0.875000
16430.000000,0.203125,-0.034722,0.875000
16440.000000,0.207813,-0.046875,0.879687
16450.000000,0.214062,-0.046875,0.890625
16460.000000,0.208333,-0.046875,0.901042
16470.000000,0.225000,-0.053125,0.921875
16480.000000,0.234375,-0.062500,0.921875
16490.000000,0.234375,-0.062500,0.921875
16500.000000,0.234375,-0.062500,0.928819
16510.000000,0.226562,-0.070312,0.929688
16520.000000,0.218750,-0.078125,0.929688
16530.000000,0.218750,-0.078125,0.937500
16540.000000,0.218750,-0.068750,0.928125
16550.000000,0.228125,-0.062500,0.903125
16560.000000,0.234375,-0.052083,0.890625
16570.000000,0.245312,-0.025000,0.890625
16580.000000,0.250000,-0.003472,0.866319
16590.000000,0.262500,0.000000,0.871875
16600.000000,0.278125,0.000000,0.887500
16610.000000,0.281250,0.000000,0.918403
16620.000000,0.281250,-0.014063,0.907813
16630.000000,0.281250,-0.001562,0.864062
16640.000000,0.281250,0.014063,0.817187
16650.000000,0.281250,0.062500,0.796875
16660.000000,0.296875,0.078125,0.796875
16670.000000,0.312500,0.093750,0.828125
16680.000000,0.329688,0.109375,0.842187
16690.000000,0.345313,0.107813,0.826562
16700.000000,0.361111,0.093750,0.810764
16710.000000,0.375000,0.090625,0.793750
16720.000000,0.375000,0.081597,0.781250
16730.000000,0.379688,0.084375,0.785937
16740.000000,0.390625,0.062500,0.801562
16750.000000,0.390625,0.062500,0.817708
16760.000000,0.396875,0.068750,0.828125
16770.000000,0.406250,0.078125,0.828125
16780.000000,0.413194,0.085069,0.821181
16790.000000,0.414062,0.101562,0.804688
16800.000000,0.406250,0.117188,0.781250
16810.000000,0.406250,0.140625,0.757812
16820.000000,0.406250,0.156250,0.750000
16830.000000,0.414062,0.164062,0.750000
16840.000000,0.421875,0.164062,0.757812
16850.000000,0.421875,0.147569,0.765625
16860.000000,0.431250,0.140625,0.775000
16870.000000,0.437500,0.150000,0.771875
16880.000000,0.446875,0.156250,0.765625
16890.000000,0.453125,0.156250,0.784375
16900.000000,0.463542,0.156250,0.786458
16910.000000,0.457813,0.167187,0.781250
16920.000000,0.453125,0.171875,0.770312
16930.000000,0.442188,0.182812,0.754687
16940.000000,0.426563,0.187500,0.760938
16950.000000,0.432812,0.187500,0.754687
16960.000000,0.437500,0.165625,0.750000
16970.000000,0.437500,0.131944,0.762153
16980.000000,0.437500,0.125000,0.778125
16990.000000,0.437500,0.125000,0.781250
17000.000000,0.450000,0.125000,0.781250
17010.000000,0.453125,0.125000,0.781250
17020.000000,0.453125,0.125000,0.781250
17030.000000,0.453125,0.125000,0.781250
17040.000000,0.453125,0.139063,0.781250
17050.000000,0.453125,0.140625,0.795312
17060.000000,0.453125,0.154688,0.796875
17070.000000,0.453125,0.184375,0.782813
17080.000000,0.467187,0.187500,0.781250
17090.000000,0.484375,0.171875,0.781250
17100.000000,0.468750,0.156250,0.781250
17110.000000,0.453125,0.140625,0.796875
17120.000000,0.437500,0.125000,0.828125
17130.000000,0.437500,0.109375,0.828125
17140.000000,0.439063,0.092188,0.810937
17150.000000,0.451562,0.078125,0.798438
17160.000000,0.437500,0.076563,0.814063
17170.000000,0.439063,0.064062,0.829688
17180.000000,0.453125,0.081250,0.843750
17190.000000,0.453125,0.110937,0.842187
17200.000000,0.451389,0.126736,0.828125
17210.000000,0.437500,0.143750,0.828125
17220.000000,0.434375,0.153125,0.828125
17230.000000,0.425000,0.140625,0.828125
17240.000000,0.437500,0.140625,0.828125
17250.000000,0.440972,0.137153,0.828125
17260.000000,0.448437,0.125000,0.818750
17270.000000,0.437500,0.115625,0.796875
17280.000000,0.432812,0.093750,0.796875
17290.000000,0.426563,0.089063,0.801562
17300.000000,0.442188,0.073438,0.817187
17310.000000,0.457813,0.067187,0.818750
17320.000000,0.473958,0.083333,0.791667
17330.000000,0.496875,0.100000,0.775000
17340.000000,0.515625,0.115625,0.765625
17350.000000,0.515625,0.131250,0.771875
17360.000000,0.515625,0.146875,0.775000
17370.000000,0.515625,0.156250,0.744792
17380.000000,0.507812,0.156250,0.710938
17390.000000,0.500000,0.164062,0.695312
17400.000000,0.500000,0.179688,0.671875
17410.000000,0.507812,0.203125,0.664062
17420.000000,0.523438,0.226562,0.679688
17430.000000,0.531250,0.234375,0.679688
17440.000000,0.539931,0.225694,0.663194
17450.000000,0.537500,0.218750,0.646875
17460.000000,0.531250,0.218750,0.631250
17470.000000,0.531250,0.228125,0.634375
17480.000000,0.531250,0.234375,0.640625
17490.000000,0.531250,0.223958,0.661458
17500.000000,0.531250,0.229687,0.671875
17510.000000,0.542188,0.256250,0.650000
17520.000000,0.557813,0.265625,0.618750
17530.000000,0.573438,0.276562,0.620313
17540.000000,0.589063,0.281250,0.635938
17550.000000,0.593750,0.292187,0.651563
17560.000000,0.581597,0.309028,0.607639
17570.000000,0.553125,0.375000,0.531250
17580.000000,0.546875,0.478125,0.515625
17590.000000,0.546875,0.537500,0.528125
17600.000000,0.571875,0.534375,0.556250
17610.000000,0.592014,0.517361,0.562500
17620.000000,0.607812,0.487500,0.520312
17630.000000,0.651563,0.442188,0.515625
17640.000000,0.656250,0.381250,0.543750
17650.000000,0.628125,0.318750,0.575000
17660.000000,0.596875,0.298438,0.578125
17670.000000,0.593750,0.310937,0.578125
17680.000000,0.625000,0.328125,0.593750
17690.000000,0.625000,0.343750,0.593750
17700.000000,0.625000,0.328125,0.593750
17710.000000,0.609375,0.328125,0.593750
17720.000000,0.578125,0.281250,0.625000
17730.000000,0.546875,0.234375,0.657813
17740.000000,0.543750,0.237500,0.671875
17750.000000,0.514062,0.268750,0.668750
17760.000000,0.504687,0.298438,0.640625
17770.000000,0.548438,0.310937,0.639062
17780.000000,0.567187,0.292187,0.629687
17790.000000,0.614583,0.246528,0.673611
17800.000000,0.659375,0.215625,0.684375
17810.000000,0.678125,0.200000,0.665625
17820.000000,0.700000,0.190625,0.637500
17830.000000,0.678125,0.215625,0.628125
17840.000000,0.630208,0.279514,0.640625
17850.000000,0.579688,0.342187,0.645312
17860.000000,0.546875,0.393750,0.646875
17870.000000,0.560937,0.456250,0.610938
17880.000000,0.607812,0.485938,0.559375
17890.000000,0.650000,0.415625,0.515625
17900.000000,0.685937,0.285938,0.534375
17910.000000,0.729167,0.151042,0.588542
17920.000000,0.737500,0.065625,0.621875
17930.000000,0.706250,0.065625,0.640625
17940.000000,0.668750,0.131250,0.621875
17950.000000,0.621875,0.231250,0.575000
17960.000000,0.572917,0.324653,0.512153
17970.000000,0.539062,0.375000,0.453125
17980.000000,0.554688,0.375000,0.421875
17990.000000,0.601562,0.335938,0.406250
18000.000000,0.648438,0.304688,0.421875
18010.000000,0.697917,0.314236,0.437500
18020.000000,0.746875,0.346875,0.437500
18030.000000,0.784375,0.378125,0.437500
18040.000000,0.787500,0.400000,0.465625
18050.000000,0.750000,0.416667,0.484375
18060.000000,0.701562,0.410938,0.462500
18070.000000,0.665625,0.384375,0.431250
18080.000000,0.644097,0.362847,0.409722
18090.000000,0.590625,0.371875,0.431250
18100.000000,0.553125,0.425000,0.475000
18110.000000,0.559375,0.487500,0.484375
18120.000000,0.562500,0.500000,0.471875
18130.000000,0.562500,0.527778,0.496528
18140.000000,0.604688,0.545312,0.514062
18150.000000,0.651563,0.532813,0.529687
18160.000000,0.687500,0.515625,0.546875
18170.000000,0.718750,0.500000,0.578125
18180.000000,0.734375,0.578125,0.562500
18190.000000,0.750000,0.625000,0.531250
18200.000000,0.695312,0.520312,0.498437
18210.000000,0.621875,0.412500,0.485938
18220.000000,0.590625,0.323437,0.506250
18230.000000,0.568750,0.282813,0.565625
18240.000000,0.635417,0.300347,0.593750
18250.000000,0.725000,0.321875,0.584375
18260.000000,0.750000,0.293750,0.543750
18270.000000,0.746528,0.288194,0.527778
18280.000000,0.720313,0.321875,0.506250
18290.000000,0.664062,0.357812,0.470313
18300.000000,0.595313,0.400000,0.423438
18310.000000,0.553125,0.426563,0.371875
18320.000000,0.520833,0.442708,0.312500
18330.000000,0.500000,0.459375,0.275000
18340.000000,0.506250,0.475000,0.265625
18350.000000,0.508681,0.491319,0.265625
18360.000000,0.492188,0.507812,0.257812
18370.000000,0.492188,0.531250,0.234375
18380.000000,0.492188,0.546875,0.218750
18390.000000,0.484375,0.555556,0.227431
18400.000000,0.493750,0.590625,0.234375
18410.000000,0.500000,0.618750,0.234375
18420.000000,0.490625,0.615625,0.206250
18430.000000,0.484375,0.571875,0.187500
18440.000000,0.484375,0.515625,0.208333
18450.000000,0.495312,0.521875,0.251563
18460.000000,0.500000,0.553125,0.287500
18470.000000,0.512153,0.598958,0.260417
18480.000000,0.515625,0.621875,0.175000
18490.000000,0.528125,0.625000,0.068750
18500.000000,0.581250,0.612500,0.009375
18510.000000,0.656250,0.596875,0.037500
18520.000000,0.699653,0.663194,0.130208
18530.000000,0.759375,0.756250,0.154688
18540.000000,0.821875,0.807813,0.212500
18550.000000,0.785937,0.910937,0.162500
18560.000000,0.765625,0.875000,0.046875
18570.000000,0.765625,0.765625,0.031250
18580.000000,0.750000,0.671875,0.031250
18590.000000,0.734375,0.570312,0.081250
18600.000000,0.735938,0.495312,0.109375
18610.000000,0.754687,0.446875,0.112500
18620.000000,0.800000,0.393750,0.140625
18630.000000,0.831597,0.427083,0.137153
18640.000000,0.868750,0.471875,0.109375
18650.000000,0.912500,0.487500,0.112500
18660.000000,0.937500,0.500000,0.118056
18670.000000,0.923438,0.495312,0.093750
18680.000000,0.871875,0.489063,0.089063
18690.000000,0.818750,0.514062,0.082812
18700.000000,0.791667,0.562500,0.104167
18710.000000,0.793750,0.600000,0.131250
18720.000000,0.856250,0.609375,0.128125
18730.000000,0.971875,0.584375,0.109375
18740.000000,1.071875,0.521875,0.103125
18750.000000,1.088542,0.463542,0.086806
18760.000000,1.000000,0.414062,0.078125
